timestamp,room,peopleCount
2025-09-15T07:00:05.000Z,Room 2.12,0
2025-09-15T07:40:12.000Z,Room 2.12,0
2025-09-15T08:00:07.000Z,Room 2.12,0
2025-09-15T08:20:07.000Z,Room 2.12,0
2025-09-15T08:40:07.000Z,Room 2.12,0
2025-09-15T09:00:07.000Z,Room 2.12,0
2025-09-15T09:20:07.000Z,Room 2.12,0
2025-09-15T09:40:07.000Z,Room 2.12,2
2025-09-15T10:00:08.000Z,Room 2.12,4
2025-09-15T10:20:07.000Z,Room 2.12,4
2025-09-15T10:40:07.000Z,Room 2.12,4
2025-09-15T11:00:07.000Z,Room 2.12,4
2025-09-15T11:20:08.000Z,Room 2.12,3
2025-09-15T11:40:07.000Z,Room 2.12,2
2025-09-15T12:00:07.000Z,Room 2.12,2
2025-09-15T12:20:07.000Z,Room 2.12,0
2025-09-15T12:40:08.000Z,Room 2.12,0
2025-09-15T13:00:07.000Z,Room 2.12,0
2025-09-15T13:20:07.000Z,Room 2.12,0
2025-09-15T13:40:07.000Z,Room 2.12,0
2025-09-15T14:00:07.000Z,Room 2.12,2
2025-09-15T14:20:08.000Z,Room 2.12,2
2025-09-15T14:40:08.000Z,Room 2.12,4
2025-09-15T15:00:07.000Z,Room 2.12,2
2025-09-15T15:20:08.000Z,Room 2.12,3
2025-09-15T15:40:07.000Z,Room 2.12,3
2025-09-15T16:00:07.000Z,Room 2.12,3
2025-09-15T16:20:07.000Z,Room 2.12,2
2025-09-15T16:40:07.000Z,Room 2.12,2
2025-09-15T17:00:07.000Z,Room 2.12,1
2025-09-15T17:20:07.000Z,Room 2.12,1
2025-09-15T17:40:07.000Z,Room 2.12,0
2025-09-16T07:00:07.000Z,Room 2.12,0
2025-09-16T07:20:07.000Z,Room 2.12,0
2025-09-16T07:40:07.000Z,Room 2.12,0
2025-09-16T08:00:08.000Z,Room 2.12,3
2025-09-16T08:20:07.000Z,Room 2.12,10
2025-09-16T08:40:07.000Z,Room 2.12,16
2025-09-16T09:00:07.000Z,Room 2.12,56
2025-09-16T09:20:07.000Z,Room 2.12,60
2025-09-16T09:40:07.000Z,Room 2.12,57
2025-09-16T10:00:08.000Z,Room 2.12,58
2025-09-16T10:20:07.000Z,Room 2.12,51
2025-09-16T10:40:07.000Z,Room 2.12,54
2025-09-16T11:00:09.000Z,Room 2.12,33
2025-09-16T11:20:07.000Z,Room 2.12,0
2025-09-16T11:40:07.000Z,Room 2.12,0
2025-09-16T12:00:07.000Z,Room 2.12,0
2025-09-16T12:20:07.000Z,Room 2.12,0
2025-09-16T12:40:07.000Z,Room 2.12,0
2025-09-16T13:00:08.000Z,Room 2.12,0
2025-09-16T13:20:07.000Z,Room 2.12,0
2025-09-16T13:40:07.000Z,Room 2.12,0
2025-09-16T14:00:07.000Z,Room 2.12,0
2025-09-16T14:20:07.000Z,Room 2.12,0
2025-09-16T14:40:08.000Z,Room 2.12,0
2025-09-16T15:00:07.000Z,Room 2.12,0
2025-09-16T15:20:07.000Z,Room 2.12,0
2025-09-16T15:40:07.000Z,Room 2.12,0
2025-09-16T16:00:07.000Z,Room 2.12,0
2025-09-16T16:20:07.000Z,Room 2.12,0
2025-09-16T16:40:07.000Z,Room 2.12,0
2025-09-16T17:00:07.000Z,Room 2.12,0
2025-09-16T17:20:07.000Z,Room 2.12,0
2025-09-16T17:40:08.000Z,Room 2.12,0
2025-09-17T07:00:07.000Z,Room 2.12,0
2025-09-17T07:20:07.000Z,Room 2.12,4
2025-09-17T07:40:07.000Z,Room 2.12,25
2025-09-17T08:00:07.000Z,Room 2.12,67
2025-09-17T08:20:07.000Z,Room 2.12,142
2025-09-17T08:40:07.000Z,Room 2.12,134
2025-09-17T09:00:07.000Z,Room 2.12,50
2025-09-17T09:20:07.000Z,Room 2.12,138
2025-09-17T09:40:07.000Z,Room 2.12,148
2025-09-17T10:00:07.000Z,Room 2.12,125
2025-09-17T10:20:07.000Z,Room 2.12,120
2025-09-17T10:40:07.000Z,Room 2.12,126
2025-09-17T11:00:07.000Z,Room 2.12,34
2025-09-17T11:20:07.000Z,Room 2.12,37
2025-09-17T11:40:08.000Z,Room 2.12,43
2025-09-17T12:00:08.000Z,Room 2.12,67
2025-09-17T12:20:07.000Z,Room 2.12,121
2025-09-17T12:40:07.000Z,Room 2.12,128
2025-09-17T13:00:07.000Z,Room 2.12,61
2025-09-17T13:20:08.000Z,Room 2.12,116
2025-09-17T13:40:08.000Z,Room 2.12,110
2025-09-17T14:00:08.000Z,Room 2.12,106
2025-09-17T14:20:07.000Z,Room 2.12,109
2025-09-17T14:40:07.000Z,Room 2.12,115
2025-09-17T15:00:07.000Z,Room 2.12,112
2025-09-17T15:20:07.000Z,Room 2.12,109
2025-09-17T15:40:07.000Z,Room 2.12,105
2025-09-17T16:00:07.000Z,Room 2.12,10
2025-09-17T16:20:07.000Z,Room 2.12,0
2025-09-17T16:40:08.000Z,Room 2.12,0
2025-09-17T17:00:08.000Z,Room 2.12,0
2025-09-17T17:20:07.000Z,Room 2.12,0
2025-09-17T17:40:09.000Z,Room 2.12,0
2025-09-18T07:00:07.000Z,Room 2.12,0
2025-09-18T07:20:07.000Z,Room 2.12,6
2025-09-18T07:40:07.000Z,Room 2.12,24
2025-09-18T08:00:07.000Z,Room 2.12,74
2025-09-18T08:20:07.000Z,Room 2.12,144
2025-09-18T08:40:07.000Z,Room 2.12,138
2025-09-18T09:00:07.000Z,Room 2.12,137
2025-09-18T09:20:07.000Z,Room 2.12,66
2025-09-18T09:40:08.000Z,Room 2.12,143
2025-09-18T10:00:07.000Z,Room 2.12,140
2025-09-18T10:20:07.000Z,Room 2.12,56
2025-09-18T10:40:07.000Z,Room 2.12,133
2025-09-18T11:00:07.000Z,Room 2.12,129
2025-09-18T11:20:08.000Z,Room 2.12,50
2025-09-18T11:40:07.000Z,Room 2.12,58
2025-09-18T12:00:07.000Z,Room 2.12,89
2025-09-18T12:20:07.000Z,Room 2.12,131
2025-09-18T12:40:07.000Z,Room 2.12,131
2025-09-18T13:00:08.000Z,Room 2.12,61
2025-09-18T13:20:07.000Z,Room 2.12,137
2025-09-18T13:40:07.000Z,Room 2.12,139
2025-09-18T14:00:07.000Z,Room 2.12,54
2025-09-18T14:20:07.000Z,Room 2.12,127
2025-09-18T14:40:07.000Z,Room 2.12,106
2025-09-18T15:00:07.000Z,Room 2.12,13
2025-09-18T15:20:07.000Z,Room 2.12,0
2025-09-18T15:40:07.000Z,Room 2.12,0
2025-09-18T16:00:07.000Z,Room 2.12,0
2025-09-18T16:20:08.000Z,Room 2.12,1
2025-09-18T16:40:07.000Z,Room 2.12,0
2025-09-18T17:00:07.000Z,Room 2.12,0
2025-09-18T17:20:07.000Z,Room 2.12,0
2025-09-18T17:40:07.000Z,Room 2.12,0
2025-09-19T07:00:08.000Z,Room 2.12,0
2025-09-19T07:20:07.000Z,Room 2.12,2
2025-09-19T07:40:07.000Z,Room 2.12,19
2025-09-19T08:00:08.000Z,Room 2.12,63
2025-09-19T08:20:07.000Z,Room 2.12,129
2025-09-19T08:40:07.000Z,Room 2.12,135
2025-09-19T09:00:07.000Z,Room 2.12,128
2025-09-19T09:20:07.000Z,Room 2.12,128
2025-09-19T09:40:07.000Z,Room 2.12,131
2025-09-19T10:00:07.000Z,Room 2.12,132
2025-09-19T10:20:07.000Z,Room 2.12,132
2025-09-19T10:40:07.000Z,Room 2.12,135
2025-09-19T11:00:07.000Z,Room 2.12,47
2025-09-19T11:20:07.000Z,Room 2.12,45
2025-09-19T11:40:07.000Z,Room 2.12,53
2025-09-19T12:00:07.000Z,Room 2.12,87
2025-09-19T12:20:07.000Z,Room 2.12,108
2025-09-19T12:40:08.000Z,Room 2.12,107
2025-09-19T13:00:07.000Z,Room 2.12,101
2025-09-19T13:20:07.000Z,Room 2.12,62
2025-09-19T13:40:08.000Z,Room 2.12,112
2025-09-19T14:00:07.000Z,Room 2.12,108
2025-09-19T14:20:08.000Z,Room 2.12,49
2025-09-19T14:40:07.000Z,Room 2.12,118
2025-09-19T15:00:07.000Z,Room 2.12,41
2025-09-19T15:20:07.000Z,Room 2.12,0
2025-09-19T15:40:07.000Z,Room 2.12,0
2025-09-19T16:00:07.000Z,Room 2.12,0
2025-09-19T16:20:07.000Z,Room 2.12,0
2025-09-19T16:40:07.000Z,Room 2.12,0
2025-09-19T17:00:08.000Z,Room 2.12,0
2025-09-19T17:20:07.000Z,Room 2.12,0
2025-09-19T17:40:07.000Z,Room 2.12,0
2025-09-22T07:00:08.000Z,Room 2.12,0
2025-09-22T07:20:07.000Z,Room 2.12,0
2025-09-22T07:40:07.000Z,Room 2.12,0
2025-09-22T08:00:08.000Z,Room 2.12,1
2025-09-22T08:20:07.000Z,Room 2.12,0
2025-09-22T08:40:08.000Z,Room 2.12,0
2025-09-22T09:00:07.000Z,Room 2.12,22
2025-09-22T09:20:08.000Z,Room 2.12,18
2025-09-22T09:40:07.000Z,Room 2.12,24
2025-09-22T10:00:08.000Z,Room 2.12,59
2025-09-22T10:20:07.000Z,Room 2.12,84
2025-09-22T10:40:07.000Z,Room 2.12,83
2025-09-22T11:00:07.000Z,Room 2.12,87
2025-09-22T11:20:07.000Z,Room 2.12,59
2025-09-22T11:40:07.000Z,Room 2.12,91
2025-09-22T12:00:08.000Z,Room 2.12,95
2025-09-22T12:20:07.000Z,Room 2.12,31
2025-09-22T12:40:07.000Z,Room 2.12,29
2025-09-22T13:00:07.000Z,Room 2.12,59
2025-09-22T13:20:08.000Z,Room 2.12,99
2025-09-22T13:40:07.000Z,Room 2.12,95
2025-09-22T14:00:07.000Z,Room 2.12,96
2025-09-22T14:20:07.000Z,Room 2.12,79
2025-09-22T14:40:07.000Z,Room 2.12,82
2025-09-22T15:00:07.000Z,Room 2.12,42
2025-09-22T15:20:08.000Z,Room 2.12,76
2025-09-22T15:40:07.000Z,Room 2.12,76
2025-09-22T16:00:07.000Z,Room 2.12,1
2025-09-22T16:20:07.000Z,Room 2.12,1
2025-09-22T16:40:07.000Z,Room 2.12,0
2025-09-22T17:00:07.000Z,Room 2.12,0
2025-09-22T17:20:07.000Z,Room 2.12,0
2025-09-22T17:40:07.000Z,Room 2.12,0
2025-09-23T07:00:07.000Z,Room 2.12,0
2025-09-23T07:20:07.000Z,Room 2.12,3
2025-09-23T07:40:08.000Z,Room 2.12,12
2025-09-23T08:00:07.000Z,Room 2.12,40
2025-09-23T08:20:07.000Z,Room 2.12,86
2025-09-23T08:40:07.000Z,Room 2.12,104
2025-09-23T09:00:07.000Z,Room 2.12,102
2025-09-23T09:20:07.000Z,Room 2.12,105
2025-09-23T09:40:08.000Z,Room 2.12,103
2025-09-23T10:00:07.000Z,Room 2.12,116
2025-09-23T10:20:08.000Z,Room 2.12,102
2025-09-23T11:00:07.000Z,Room 2.12,30
2025-09-23T11:20:08.000Z,Room 2.12,32
2025-09-23T11:40:07.000Z,Room 2.12,34
2025-09-23T12:00:07.000Z,Room 2.12,56
2025-09-23T12:20:07.000Z,Room 2.12,109
2025-09-23T12:40:07.000Z,Room 2.12,110
2025-09-23T13:00:07.000Z,Room 2.12,109
2025-09-23T13:20:08.000Z,Room 2.12,103
2025-09-23T13:40:07.000Z,Room 2.12,112
2025-09-23T14:00:07.000Z,Room 2.12,26
2025-09-23T14:20:07.000Z,Room 2.12,3
2025-09-23T14:40:08.000Z,Room 2.12,0
2025-09-23T15:00:07.000Z,Room 2.12,0
2025-09-23T15:20:07.000Z,Room 2.12,1
2025-09-23T15:40:07.000Z,Room 2.12,0
2025-09-23T16:00:08.000Z,Room 2.12,0
2025-09-23T16:20:07.000Z,Room 2.12,0
2025-09-23T16:40:07.000Z,Room 2.12,0
2025-09-23T17:00:07.000Z,Room 2.12,0
2025-09-23T17:20:08.000Z,Room 2.12,0
2025-09-23T17:40:07.000Z,Room 2.12,0
2025-09-24T07:00:07.000Z,Room 2.12,0
2025-09-24T07:20:07.000Z,Room 2.12,1
2025-09-24T07:40:07.000Z,Room 2.12,4
2025-09-24T08:00:07.000Z,Room 2.12,56
2025-09-24T08:40:07.000Z,Room 2.12,112
2025-09-24T09:00:07.000Z,Room 2.12,124
2025-09-24T09:20:07.000Z,Room 2.12,135
2025-09-24T09:40:07.000Z,Room 2.12,127
2025-09-24T10:00:07.000Z,Room 2.12,123
2025-09-24T10:20:07.000Z,Room 2.12,128
2025-09-24T10:40:07.000Z,Room 2.12,133
2025-09-24T11:00:07.000Z,Room 2.12,30
2025-09-24T11:20:07.000Z,Room 2.12,50
2025-09-24T11:40:05.000Z,Room 2.12,0
2025-09-24T12:20:11.000Z,Room 2.12,86
2025-09-24T12:40:07.000Z,Room 2.12,93
2025-09-24T13:00:07.000Z,Room 2.12,78
2025-09-24T13:20:07.000Z,Room 2.12,111
2025-09-24T13:40:07.000Z,Room 2.12,96
2025-09-24T14:00:07.000Z,Room 2.12,100
2025-09-24T14:20:07.000Z,Room 2.12,96
2025-09-24T14:40:07.000Z,Room 2.12,107
2025-09-24T15:00:07.000Z,Room 2.12,105
2025-09-24T15:20:07.000Z,Room 2.12,105
2025-09-24T15:40:08.000Z,Room 2.12,85
2025-09-24T16:00:07.000Z,Room 2.12,0
2025-09-24T16:20:07.000Z,Room 2.12,0
2025-09-24T16:40:07.000Z,Room 2.12,0
2025-09-24T17:00:07.000Z,Room 2.12,1
2025-09-24T17:20:07.000Z,Room 2.12,0
2025-09-24T17:40:07.000Z,Room 2.12,0
2025-09-25T07:00:07.000Z,Room 2.12,0
2025-09-25T07:20:08.000Z,Room 2.12,2
2025-09-25T07:40:07.000Z,Room 2.12,19
2025-09-25T08:00:07.000Z,Room 2.12,67
2025-09-25T08:20:07.000Z,Room 2.12,123
2025-09-25T08:40:07.000Z,Room 2.12,131
2025-09-25T09:00:07.000Z,Room 2.12,125
2025-09-25T09:20:07.000Z,Room 2.12,45
2025-09-25T09:40:08.000Z,Room 2.12,138
2025-09-25T10:00:07.000Z,Room 2.12,143
2025-09-25T10:20:07.000Z,Room 2.12,133
2025-09-25T10:40:07.000Z,Room 2.12,138
2025-09-25T11:00:07.000Z,Room 2.12,125
2025-09-25T11:20:07.000Z,Room 2.12,48
2025-09-25T11:40:07.000Z,Room 2.12,44
2025-09-25T12:00:08.000Z,Room 2.12,66
2025-09-25T12:20:08.000Z,Room 2.12,131
2025-09-25T12:40:08.000Z,Room 2.12,127
2025-09-25T13:00:07.000Z,Room 2.12,128
2025-09-25T13:20:07.000Z,Room 2.12,105
2025-09-25T13:40:07.000Z,Room 2.12,114
2025-09-25T14:00:07.000Z,Room 2.12,55
2025-09-25T14:20:07.000Z,Room 2.12,90
2025-09-25T14:40:07.000Z,Room 2.12,80
2025-09-25T15:00:07.000Z,Room 2.12,0
2025-09-25T15:20:07.000Z,Room 2.12,0
2025-09-25T15:40:07.000Z,Room 2.12,0
2025-09-25T16:00:08.000Z,Room 2.12,0
2025-09-25T16:20:07.000Z,Room 2.12,0
2025-09-25T16:40:07.000Z,Room 2.12,0
2025-09-25T17:00:04.000Z,Room 2.12,0
2025-09-25T17:40:10.000Z,Room 2.12,0
2025-09-26T07:00:07.000Z,Room 2.12,0
2025-09-26T07:20:07.000Z,Room 2.12,2
2025-09-26T07:40:07.000Z,Room 2.12,17
2025-09-26T08:00:07.000Z,Room 2.12,61
2025-09-26T08:20:08.000Z,Room 2.12,128
2025-09-26T08:40:09.000Z,Room 2.12,138
2025-09-26T09:00:08.000Z,Room 2.12,128
2025-09-26T09:20:07.000Z,Room 2.12,149
2025-09-26T09:40:07.000Z,Room 2.12,135
2025-09-26T10:00:08.000Z,Room 2.12,128
2025-09-26T10:20:08.000Z,Room 2.12,66
2025-09-26T10:40:07.000Z,Room 2.12,129
2025-09-26T11:00:08.000Z,Room 2.12,65
2025-09-26T11:20:08.000Z,Room 2.12,51
2025-09-26T11:40:08.000Z,Room 2.12,48
2025-09-26T12:00:07.000Z,Room 2.12,58
2025-09-26T12:20:07.000Z,Room 2.12,125
2025-09-26T12:40:08.000Z,Room 2.12,117
2025-09-26T13:00:07.000Z,Room 2.12,115
2025-09-26T13:20:07.000Z,Room 2.12,49
2025-09-26T13:40:07.000Z,Room 2.12,114
2025-09-26T14:00:07.000Z,Room 2.12,102
2025-09-26T14:20:07.000Z,Room 2.12,51
2025-09-26T14:40:07.000Z,Room 2.12,97
2025-09-26T15:00:07.000Z,Room 2.12,13
2025-09-26T15:20:07.000Z,Room 2.12,5
2025-09-26T15:40:07.000Z,Room 2.12,5
2025-09-26T16:00:07.000Z,Room 2.12,1
2025-09-26T16:20:07.000Z,Room 2.12,1
2025-09-26T16:40:08.000Z,Room 2.12,0
2025-09-26T17:00:07.000Z,Room 2.12,0
2025-09-26T17:20:08.000Z,Room 2.12,0
2025-09-26T17:40:07.000Z,Room 2.12,0
2025-09-29T07:00:07.000Z,Room 2.12,0
2025-09-29T07:20:05.000Z,Room 2.12,0
2025-09-29T08:00:10.000Z,Room 2.12,0
2025-09-29T08:20:07.000Z,Room 2.12,1
2025-09-29T08:40:08.000Z,Room 2.12,1
2025-09-29T09:00:07.000Z,Room 2.12,1
2025-09-29T09:20:07.000Z,Room 2.12,13
2025-09-29T09:40:07.000Z,Room 2.12,16
2025-09-29T10:00:07.000Z,Room 2.12,20
2025-09-29T10:20:07.000Z,Room 2.12,62
2025-09-29T11:00:07.000Z,Room 2.12,63
2025-09-29T11:20:07.000Z,Room 2.12,66
2025-09-29T11:40:07.000Z,Room 2.12,62
2025-09-29T12:00:08.000Z,Room 2.12,27
2025-09-29T12:20:07.000Z,Room 2.12,20
2025-09-29T12:40:07.000Z,Room 2.12,29
2025-09-29T13:00:08.000Z,Room 2.12,47
2025-09-29T13:20:05.000Z,Room 2.12,0
2025-09-29T14:00:10.000Z,Room 2.12,91
2025-09-29T14:20:07.000Z,Room 2.12,67
2025-09-29T14:40:07.000Z,Room 2.12,83
2025-09-29T15:00:07.000Z,Room 2.12,91
2025-09-29T15:20:07.000Z,Room 2.12,58
2025-09-29T15:40:07.000Z,Room 2.12,70
2025-09-29T16:00:07.000Z,Room 2.12,1
2025-09-29T16:20:07.000Z,Room 2.12,0
2025-09-29T16:40:07.000Z,Room 2.12,0
2025-09-29T17:00:07.000Z,Room 2.12,0
2025-09-29T17:20:08.000Z,Room 2.12,0
2025-09-29T17:40:07.000Z,Room 2.12,0
2025-09-30T07:00:08.000Z,Room 2.12,0
2025-09-30T07:20:07.000Z,Room 2.12,2
2025-09-30T07:40:07.000Z,Room 2.12,12
2025-09-30T08:00:07.000Z,Room 2.12,56
2025-09-30T08:20:07.000Z,Room 2.12,96
2025-09-30T08:40:07.000Z,Room 2.12,107
2025-09-30T09:00:07.000Z,Room 2.12,115
2025-09-30T09:20:07.000Z,Room 2.12,108
2025-09-30T09:40:07.000Z,Room 2.12,66
2025-09-30T10:00:07.000Z,Room 2.12,122
2025-09-30T10:20:08.000Z,Room 2.12,114
2025-09-30T10:40:07.000Z,Room 2.12,120
2025-09-30T11:00:07.000Z,Room 2.12,47
2025-09-30T11:20:07.000Z,Room 2.12,39
2025-09-30T11:40:07.000Z,Room 2.12,33
2025-09-30T12:00:08.000Z,Room 2.12,47
2025-09-30T12:20:08.000Z,Room 2.12,76
2025-09-30T12:40:07.000Z,Room 2.12,84
2025-09-30T13:00:07.000Z,Room 2.12,54
2025-09-30T13:20:07.000Z,Room 2.12,89
2025-09-30T13:40:07.000Z,Room 2.12,71
2025-09-30T14:00:07.000Z,Room 2.12,54
2025-09-30T14:20:07.000Z,Room 2.12,62
2025-09-30T14:40:07.000Z,Room 2.12,66
2025-09-30T15:00:07.000Z,Room 2.12,4
2025-09-30T15:20:08.000Z,Room 2.12,0
2025-09-30T15:40:07.000Z,Room 2.12,0
2025-09-30T16:00:07.000Z,Room 2.12,0
2025-09-30T16:20:07.000Z,Room 2.12,0
2025-09-30T16:40:08.000Z,Room 2.12,0
2025-09-30T17:00:07.000Z,Room 2.12,0
2025-09-30T17:20:07.000Z,Room 2.12,0
2025-09-30T17:40:07.000Z,Room 2.12,0
2025-10-01T07:00:07.000Z,Room 2.12,0
2025-10-01T07:20:07.000Z,Room 2.12,4
2025-10-01T07:40:07.000Z,Room 2.12,13
2025-10-01T08:00:07.000Z,Room 2.12,54
2025-10-01T08:20:07.000Z,Room 2.12,100
2025-10-01T08:40:07.000Z,Room 2.12,116
2025-10-01T09:00:07.000Z,Room 2.12,116
2025-10-01T09:20:07.000Z,Room 2.12,59
2025-10-01T09:40:05.000Z,Room 2.12,0
2025-10-01T10:20:10.000Z,Room 2.12,118
2025-10-01T10:40:07.000Z,Room 2.12,44
2025-10-01T11:00:08.000Z,Room 2.12,49
2025-10-01T11:20:08.000Z,Room 2.12,51
2025-10-01T11:40:07.000Z,Room 2.12,58
2025-10-01T12:00:07.000Z,Room 2.12,57
2025-10-01T12:20:07.000Z,Room 2.12,86
2025-10-01T12:40:07.000Z,Room 2.12,75
2025-10-01T13:00:08.000Z,Room 2.12,78
2025-10-01T13:20:08.000Z,Room 2.12,50
2025-10-01T13:40:07.000Z,Room 2.12,74
2025-10-01T14:00:07.000Z,Room 2.12,67
2025-10-01T14:20:07.000Z,Room 2.12,99
2025-10-01T14:40:07.000Z,Room 2.12,101
2025-10-01T15:00:07.000Z,Room 2.12,97
2025-10-01T15:20:07.000Z,Room 2.12,96
2025-10-01T15:40:07.000Z,Room 2.12,87
2025-10-01T16:00:07.000Z,Room 2.12,0
2025-10-01T16:20:07.000Z,Room 2.12,0
2025-10-01T16:40:07.000Z,Room 2.12,0
2025-10-01T17:00:07.000Z,Room 2.12,0
2025-10-01T17:20:07.000Z,Room 2.12,0
2025-10-01T17:40:06.000Z,Room 2.12,0
2025-10-02T07:20:10.000Z,Room 2.12,1
2025-10-02T07:40:08.000Z,Room 2.12,30
2025-10-02T08:00:07.000Z,Room 2.12,69
2025-10-02T08:20:07.000Z,Room 2.12,109
2025-10-02T08:40:07.000Z,Room 2.12,113
2025-10-02T09:00:07.000Z,Room 2.12,122
2025-10-02T09:20:08.000Z,Room 2.12,54
2025-10-02T09:40:07.000Z,Room 2.12,115
2025-10-02T10:00:07.000Z,Room 2.12,127
2025-10-02T10:20:07.000Z,Room 2.12,107
2025-10-02T10:40:08.000Z,Room 2.12,119
2025-10-02T11:00:07.000Z,Room 2.12,90
2025-10-02T11:20:07.000Z,Room 2.12,53
2025-10-02T11:40:07.000Z,Room 2.12,54
2025-10-02T12:00:07.000Z,Room 2.12,57
2025-10-02T12:20:07.000Z,Room 2.12,87
2025-10-02T12:40:08.000Z,Room 2.12,106
2025-10-02T13:00:07.000Z,Room 2.12,98
2025-10-02T13:20:07.000Z,Room 2.12,64
2025-10-02T13:40:07.000Z,Room 2.12,77
2025-10-02T14:00:07.000Z,Room 2.12,75
2025-10-02T14:20:07.000Z,Room 2.12,53
2025-10-02T14:40:08.000Z,Room 2.12,58
2025-10-02T15:00:07.000Z,Room 2.12,0
2025-10-02T15:20:07.000Z,Room 2.12,0
2025-10-02T15:40:07.000Z,Room 2.12,0
2025-10-02T16:00:08.000Z,Room 2.12,0
2025-10-02T16:20:07.000Z,Room 2.12,0
2025-10-02T16:40:07.000Z,Room 2.12,0
2025-10-02T17:00:07.000Z,Room 2.12,0
2025-10-02T17:20:08.000Z,Room 2.12,0
2025-10-02T17:40:07.000Z,Room 2.12,0
2025-10-03T07:00:07.000Z,Room 2.12,1
2025-10-03T07:20:07.000Z,Room 2.12,0
2025-10-03T07:40:07.000Z,Room 2.12,0
2025-10-03T08:00:07.000Z,Room 2.12,0
2025-10-03T08:20:07.000Z,Room 2.12,0
2025-10-03T08:40:07.000Z,Room 2.12,0
2025-10-03T09:00:08.000Z,Room 2.12,0
2025-10-03T09:20:07.000Z,Room 2.12,0
2025-10-03T09:40:07.000Z,Room 2.12,0
2025-10-03T10:00:07.000Z,Room 2.12,5
2025-10-03T10:20:07.000Z,Room 2.12,4
2025-10-03T10:40:07.000Z,Room 2.12,3
2025-10-03T11:00:07.000Z,Room 2.12,6
2025-10-03T11:20:07.000Z,Room 2.12,6
2025-10-03T11:40:07.000Z,Room 2.12,3
2025-10-03T12:00:07.000Z,Room 2.12,22
2025-10-03T12:20:07.000Z,Room 2.12,61
2025-10-03T12:40:07.000Z,Room 2.12,61
2025-10-03T13:00:07.000Z,Room 2.12,61
2025-10-03T13:20:07.000Z,Room 2.12,64
2025-10-03T13:40:07.000Z,Room 2.12,57
2025-10-03T14:00:07.000Z,Room 2.12,64
2025-10-03T14:20:07.000Z,Room 2.12,46
2025-10-03T14:40:07.000Z,Room 2.12,54
2025-10-03T15:00:07.000Z,Room 2.12,49
2025-10-03T15:20:08.000Z,Room 2.12,7
2025-10-03T15:40:07.000Z,Room 2.12,6
2025-10-03T16:00:07.000Z,Room 2.12,0
2025-10-03T16:20:07.000Z,Room 2.12,0
2025-10-03T16:40:07.000Z,Room 2.12,0
2025-10-03T17:00:07.000Z,Room 2.12,0
2025-10-03T17:20:07.000Z,Room 2.12,0
2025-10-03T17:40:07.000Z,Room 2.12,0
2025-10-06T07:00:07.000Z,Room 2.12,0
2025-10-06T07:20:07.000Z,Room 2.12,0
2025-10-06T07:40:08.000Z,Room 2.12,0
2025-10-06T08:00:08.000Z,Room 2.12,0
2025-10-06T08:20:07.000Z,Room 2.12,1
2025-10-06T08:40:08.000Z,Room 2.12,1
2025-10-06T09:00:07.000Z,Room 2.12,0
2025-10-06T09:20:07.000Z,Room 2.12,14
2025-10-06T09:40:07.000Z,Room 2.12,9
2025-10-06T10:00:07.000Z,Room 2.12,32
2025-10-06T10:20:07.000Z,Room 2.12,65
2025-10-06T10:40:05.000Z,Room 2.12,0
2025-10-06T11:20:10.000Z,Room 2.12,71
2025-10-06T11:40:07.000Z,Room 2.12,71
2025-10-06T12:00:07.000Z,Room 2.12,26
2025-10-06T12:20:07.000Z,Room 2.12,29
2025-10-06T12:40:07.000Z,Room 2.12,31
2025-10-06T13:00:07.000Z,Room 2.12,46
2025-10-06T13:20:08.000Z,Room 2.12,86
2025-10-06T13:40:07.000Z,Room 2.12,75
2025-10-06T14:00:08.000Z,Room 2.12,69
2025-10-06T14:20:08.000Z,Room 2.12,42
2025-10-06T14:40:07.000Z,Room 2.12,76
2025-10-06T15:00:07.000Z,Room 2.12,75
2025-10-06T15:20:07.000Z,Room 2.12,55
2025-10-06T15:40:07.000Z,Room 2.12,66
2025-10-06T16:00:07.000Z,Room 2.12,0
2025-10-06T16:20:08.000Z,Room 2.12,0
2025-10-06T16:40:08.000Z,Room 2.12,0
2025-10-06T17:00:09.000Z,Room 2.12,0
2025-10-06T17:20:08.000Z,Room 2.12,0
2025-10-06T17:40:07.000Z,Room 2.12,0
2025-10-07T07:00:08.000Z,Room 2.12,1
2025-10-07T07:20:07.000Z,Room 2.12,1
2025-10-07T07:40:07.000Z,Room 2.12,6
2025-10-07T08:00:08.000Z,Room 2.12,36
2025-10-07T08:20:07.000Z,Room 2.12,105
2025-10-07T08:40:07.000Z,Room 2.12,105
2025-10-07T09:00:07.000Z,Room 2.12,110
2025-10-07T09:20:05.000Z,Room 2.12,0
2025-10-07T10:00:11.000Z,Room 2.12,113
2025-10-07T10:20:07.000Z,Room 2.12,105
2025-10-07T10:40:08.000Z,Room 2.12,110
2025-10-07T11:20:07.000Z,Room 2.12,30
2025-10-07T11:40:08.000Z,Room 2.12,30
2025-10-07T12:00:08.000Z,Room 2.12,54
2025-10-07T12:20:07.000Z,Room 2.12,89
2025-10-07T12:40:08.000Z,Room 2.12,86
2025-10-07T13:00:07.000Z,Room 2.12,74
2025-10-07T13:20:07.000Z,Room 2.12,79
2025-10-07T13:40:07.000Z,Room 2.12,69
2025-10-07T14:00:07.000Z,Room 2.12,79
2025-10-07T14:20:05.000Z,Room 2.12,0
2025-10-07T15:00:10.000Z,Room 2.12,21
2025-10-07T15:20:07.000Z,Room 2.12,2
2025-10-07T15:40:07.000Z,Room 2.12,1
2025-10-07T16:00:07.000Z,Room 2.12,0
2025-10-07T16:40:07.000Z,Room 2.12,0
2025-10-07T17:00:08.000Z,Room 2.12,0
2025-10-07T17:20:07.000Z,Room 2.12,0
2025-10-07T17:40:05.000Z,Room 2.12,0
2025-10-08T07:20:09.000Z,Room 2.12,1
2025-10-08T07:40:07.000Z,Room 2.12,14
2025-10-08T08:00:07.000Z,Room 2.12,42
2025-10-08T08:40:07.000Z,Room 2.12,108
2025-10-08T09:00:07.000Z,Room 2.12,113
2025-10-08T09:20:07.000Z,Room 2.12,103
2025-10-08T09:40:08.000Z,Room 2.12,97
2025-10-08T10:00:07.000Z,Room 2.12,109
2025-10-08T10:20:07.000Z,Room 2.12,64
2025-10-08T10:40:07.000Z,Room 2.12,84
2025-10-08T11:00:08.000Z,Room 2.12,37
2025-10-08T11:20:07.000Z,Room 2.12,47
2025-10-08T11:40:08.000Z,Room 2.12,49
2025-10-08T12:00:07.000Z,Room 2.12,48
2025-10-08T12:20:08.000Z,Room 2.12,80
2025-10-08T12:40:07.000Z,Room 2.12,83
2025-10-08T13:00:07.000Z,Room 2.12,81
2025-10-08T13:20:07.000Z,Room 2.12,61
2025-10-08T13:40:07.000Z,Room 2.12,71
2025-10-08T14:00:07.000Z,Room 2.12,65
2025-10-08T14:20:07.000Z,Room 2.12,122
2025-10-08T14:40:07.000Z,Room 2.12,112
2025-10-08T15:00:08.000Z,Room 2.12,118
2025-10-08T15:20:07.000Z,Room 2.12,109
2025-10-08T15:40:07.000Z,Room 2.12,116
2025-10-08T16:00:07.000Z,Room 2.12,2
2025-10-08T16:20:07.000Z,Room 2.12,0
2025-10-08T16:40:07.000Z,Room 2.12,0
2025-10-08T17:00:07.000Z,Room 2.12,0
2025-10-08T17:20:07.000Z,Room 2.12,0
2025-10-08T17:40:07.000Z,Room 2.12,0
2025-10-09T07:00:08.000Z,Room 2.12,0
2025-10-09T07:20:07.000Z,Room 2.12,2
2025-10-09T07:40:07.000Z,Room 2.12,25
2025-10-09T08:00:07.000Z,Room 2.12,53
2025-10-09T08:20:07.000Z,Room 2.12,120
2025-10-09T08:40:08.000Z,Room 2.12,129
2025-10-09T09:00:07.000Z,Room 2.12,125
2025-10-09T09:20:07.000Z,Room 2.12,40
2025-10-09T09:40:07.000Z,Room 2.12,130
2025-10-09T10:00:07.000Z,Room 2.12,125
2025-10-09T10:20:07.000Z,Room 2.12,49
2025-10-09T10:40:07.000Z,Room 2.12,121
2025-10-09T11:00:07.000Z,Room 2.12,86
2025-10-09T11:20:07.000Z,Room 2.12,52
2025-10-09T11:40:07.000Z,Room 2.12,52
2025-10-09T12:00:07.000Z,Room 2.12,48
2025-10-09T12:20:07.000Z,Room 2.12,95
2025-10-09T12:40:08.000Z,Room 2.12,86
2025-10-09T13:00:07.000Z,Room 2.12,70
2025-10-09T13:20:07.000Z,Room 2.12,72
2025-10-09T13:40:07.000Z,Room 2.12,80
2025-10-09T14:00:07.000Z,Room 2.12,61
2025-10-09T14:20:08.000Z,Room 2.12,61
2025-10-09T14:40:07.000Z,Room 2.12,53
2025-10-09T15:00:07.000Z,Room 2.12,0
2025-10-09T15:20:08.000Z,Room 2.12,0
2025-10-09T15:40:07.000Z,Room 2.12,0
2025-10-09T16:00:07.000Z,Room 2.12,0
2025-10-09T16:20:07.000Z,Room 2.12,0
2025-10-09T16:40:07.000Z,Room 2.12,0
2025-10-09T17:00:07.000Z,Room 2.12,0
2025-10-09T17:20:07.000Z,Room 2.12,0
2025-10-09T17:40:07.000Z,Room 2.12,0
2025-10-10T07:00:07.000Z,Room 2.12,0
2025-10-10T07:20:07.000Z,Room 2.12,2
2025-10-10T07:40:06.000Z,Room 2.12,14
2025-10-10T08:20:10.000Z,Room 2.12,112
2025-10-10T08:40:07.000Z,Room 2.12,113
2025-10-10T09:00:07.000Z,Room 2.12,115
2025-10-10T09:20:07.000Z,Room 2.12,80
2025-10-10T09:40:07.000Z,Room 2.12,117
2025-10-10T10:00:07.000Z,Room 2.12,127
2025-10-10T10:20:07.000Z,Room 2.12,118
2025-10-10T10:40:07.000Z,Room 2.12,110
2025-10-10T11:00:07.000Z,Room 2.12,65
2025-10-10T11:20:07.000Z,Room 2.12,43
2025-10-10T11:40:07.000Z,Room 2.12,43
2025-10-10T12:00:08.000Z,Room 2.12,47
2025-10-10T12:20:07.000Z,Room 2.12,76
2025-10-10T12:40:08.000Z,Room 2.12,102
2025-10-10T13:00:07.000Z,Room 2.12,93
2025-10-10T13:20:07.000Z,Room 2.12,42
2025-10-10T13:40:07.000Z,Room 2.12,80
2025-10-10T14:00:07.000Z,Room 2.12,77
2025-10-10T14:20:08.000Z,Room 2.12,40
2025-10-10T14:40:07.000Z,Room 2.12,82
2025-10-10T15:00:07.000Z,Room 2.12,82
2025-10-10T15:20:07.000Z,Room 2.12,0
2025-10-10T15:40:07.000Z,Room 2.12,0
2025-10-10T16:00:08.000Z,Room 2.12,0
2025-10-10T16:20:07.000Z,Room 2.12,0
2025-10-10T16:40:08.000Z,Room 2.12,0
2025-10-10T17:00:08.000Z,Room 2.12,0
2025-10-10T17:20:07.000Z,Room 2.12,0
2025-10-10T17:40:07.000Z,Room 2.12,0
2025-10-13T07:00:07.000Z,Room 2.12,0
2025-10-13T07:20:07.000Z,Room 2.12,0
2025-10-13T07:40:08.000Z,Room 2.12,0
2025-10-13T08:00:07.000Z,Room 2.12,0
2025-10-13T08:20:07.000Z,Room 2.12,1
2025-10-13T08:40:08.000Z,Room 2.12,0
2025-10-13T09:00:07.000Z,Room 2.12,1
2025-10-13T09:20:07.000Z,Room 2.12,1
2025-10-13T09:40:07.000Z,Room 2.12,8
2025-10-13T10:00:07.000Z,Room 2.12,27
2025-10-13T10:20:08.000Z,Room 2.12,58
2025-10-13T11:00:07.000Z,Room 2.12,50
2025-10-13T11:20:07.000Z,Room 2.12,38
2025-10-13T11:40:07.000Z,Room 2.12,55
2025-10-13T12:00:07.000Z,Room 2.12,37
2025-10-13T12:20:07.000Z,Room 2.12,33
2025-10-13T12:40:07.000Z,Room 2.12,41
2025-10-13T13:00:07.000Z,Room 2.12,40
2025-10-13T13:20:07.000Z,Room 2.12,70
2025-10-13T13:40:07.000Z,Room 2.12,72
2025-10-13T14:00:07.000Z,Room 2.12,70
2025-10-13T14:20:07.000Z,Room 2.12,68
2025-10-13T14:40:08.000Z,Room 2.12,71
2025-10-13T15:00:04.000Z,Room 2.12,0
2025-10-13T15:40:10.000Z,Room 2.12,59
2025-10-13T16:00:07.000Z,Room 2.12,0
2025-10-13T16:20:07.000Z,Room 2.12,0
2025-10-13T16:40:07.000Z,Room 2.12,0
2025-10-13T17:00:07.000Z,Room 2.12,0
2025-10-13T17:20:06.000Z,Room 2.12,0
2025-10-14T07:00:10.000Z,Room 2.12,0
2025-10-14T07:20:08.000Z,Room 2.12,1
2025-10-14T07:40:07.000Z,Room 2.12,14
2025-10-14T08:00:08.000Z,Room 2.12,41
2025-10-14T08:20:07.000Z,Room 2.12,106
2025-10-14T08:40:08.000Z,Room 2.12,97
2025-10-14T09:00:07.000Z,Room 2.12,104
2025-10-14T09:20:07.000Z,Room 2.12,107
2025-10-14T09:40:07.000Z,Room 2.12,60
2025-10-14T10:00:07.000Z,Room 2.12,119
2025-10-14T10:20:08.000Z,Room 2.12,118
2025-10-14T10:40:07.000Z,Room 2.12,116
2025-10-14T11:00:07.000Z,Room 2.12,45
2025-10-14T11:20:07.000Z,Room 2.12,49
2025-10-14T11:40:07.000Z,Room 2.12,36
2025-10-14T12:00:07.000Z,Room 2.12,47
2025-10-14T12:20:07.000Z,Room 2.12,46
2025-10-14T12:40:07.000Z,Room 2.12,50
2025-10-14T13:00:07.000Z,Room 2.12,37
2025-10-14T13:20:07.000Z,Room 2.12,67
2025-10-14T13:40:07.000Z,Room 2.12,68
2025-10-14T14:00:07.000Z,Room 2.12,69
2025-10-14T14:20:08.000Z,Room 2.12,59
2025-10-14T14:40:07.000Z,Room 2.12,64
2025-10-14T15:00:08.000Z,Room 2.12,10
2025-10-14T15:20:07.000Z,Room 2.12,7
2025-10-14T15:40:08.000Z,Room 2.12,0
2025-10-14T16:00:07.000Z,Room 2.12,0
2025-10-14T16:20:07.000Z,Room 2.12,0
2025-10-14T16:40:07.000Z,Room 2.12,0
2025-10-14T17:00:08.000Z,Room 2.12,0
2025-10-14T17:20:07.000Z,Room 2.12,0
2025-10-14T17:40:07.000Z,Room 2.12,0
2025-10-15T07:00:08.000Z,Room 2.12,0
2025-10-15T07:20:08.000Z,Room 2.12,5
2025-10-15T07:40:08.000Z,Room 2.12,21
2025-10-15T08:00:07.000Z,Room 2.12,46
2025-10-15T08:20:07.000Z,Room 2.12,81
2025-10-15T08:40:07.000Z,Room 2.12,81
2025-10-15T09:00:07.000Z,Room 2.12,80
2025-10-15T09:20:07.000Z,Room 2.12,56
2025-10-15T09:40:07.000Z,Room 2.12,84
2025-10-15T10:00:07.000Z,Room 2.12,81
2025-10-15T10:20:09.000Z,Room 2.12,74
2025-10-15T10:40:07.000Z,Room 2.12,30
2025-10-15T11:00:08.000Z,Room 2.12,20
2025-10-15T11:20:07.000Z,Room 2.12,28
2025-10-15T11:40:08.000Z,Room 2.12,40
2025-10-15T12:00:07.000Z,Room 2.12,32
2025-10-15T12:20:07.000Z,Room 2.12,63
2025-10-15T12:40:07.000Z,Room 2.12,72
2025-10-15T13:00:08.000Z,Room 2.12,82
2025-10-15T13:20:07.000Z,Room 2.12,76
2025-10-15T13:40:09.000Z,Room 2.12,74
2025-10-15T14:00:07.000Z,Room 2.12,71
2025-10-15T14:20:07.000Z,Room 2.12,108
2025-10-15T14:40:07.000Z,Room 2.12,95
2025-10-15T15:00:08.000Z,Room 2.12,98
2025-10-15T15:20:08.000Z,Room 2.12,98
2025-10-15T15:40:07.000Z,Room 2.12,98
2025-10-15T16:00:07.000Z,Room 2.12,0
2025-10-15T16:20:07.000Z,Room 2.12,0
2025-10-15T16:40:07.000Z,Room 2.12,0
2025-10-15T17:00:08.000Z,Room 2.12,0
2025-10-15T17:20:07.000Z,Room 2.12,0
2025-10-15T17:40:07.000Z,Room 2.12,0
2025-10-16T07:00:07.000Z,Room 2.12,0
2025-10-16T07:20:08.000Z,Room 2.12,4
2025-10-16T07:40:07.000Z,Room 2.12,14
2025-10-16T08:00:08.000Z,Room 2.12,44
2025-10-16T08:20:07.000Z,Room 2.12,113
2025-10-16T08:40:07.000Z,Room 2.12,119
2025-10-16T09:00:07.000Z,Room 2.12,116
2025-10-16T09:20:07.000Z,Room 2.12,110
2025-10-16T09:40:07.000Z,Room 2.12,108
2025-10-16T10:00:07.000Z,Room 2.12,118
2025-10-16T10:20:07.000Z,Room 2.12,66
2025-10-16T10:40:07.000Z,Room 2.12,108
2025-10-16T11:00:07.000Z,Room 2.12,65
2025-10-16T11:20:08.000Z,Room 2.12,46
2025-10-16T11:40:08.000Z,Room 2.12,40
2025-10-16T12:00:07.000Z,Room 2.12,55
2025-10-16T12:20:07.000Z,Room 2.12,87
2025-10-16T12:40:07.000Z,Room 2.12,81
2025-10-16T13:00:07.000Z,Room 2.12,79
2025-10-16T13:20:07.000Z,Room 2.12,74
2025-10-16T13:40:07.000Z,Room 2.12,75
2025-10-16T14:00:07.000Z,Room 2.12,67
2025-10-16T14:20:07.000Z,Room 2.12,12
2025-10-16T14:40:07.000Z,Room 2.12,0
2025-10-16T15:00:07.000Z,Room 2.12,0
2025-10-16T15:20:07.000Z,Room 2.12,0
2025-10-16T15:40:07.000Z,Room 2.12,0
2025-10-16T16:00:07.000Z,Room 2.12,0
2025-10-16T16:20:07.000Z,Room 2.12,0
2025-10-16T16:40:07.000Z,Room 2.12,0
2025-10-16T17:00:07.000Z,Room 2.12,0
2025-10-16T17:20:08.000Z,Room 2.12,0
2025-10-16T17:40:07.000Z,Room 2.12,0
2025-10-17T07:00:07.000Z,Room 2.12,0
2025-10-17T07:20:07.000Z,Room 2.12,0
2025-10-17T07:40:07.000Z,Room 2.12,20
2025-10-17T08:00:07.000Z,Room 2.12,53
2025-10-17T08:20:07.000Z,Room 2.12,113
2025-10-17T08:40:07.000Z,Room 2.12,113
2025-10-17T09:00:07.000Z,Room 2.12,112
2025-10-17T09:20:12.000Z,Room 2.12,103
2025-10-17T10:00:10.000Z,Room 2.12,126
2025-10-17T10:20:08.000Z,Room 2.12,116
2025-10-17T10:40:08.000Z,Room 2.12,132
2025-10-17T11:00:07.000Z,Room 2.12,70
2025-10-17T11:20:07.000Z,Room 2.12,52
2025-10-17T11:40:07.000Z,Room 2.12,57
2025-10-17T12:00:07.000Z,Room 2.12,68
2025-10-17T12:20:07.000Z,Room 2.12,119
2025-10-17T12:40:07.000Z,Room 2.12,117
2025-10-17T13:00:07.000Z,Room 2.12,104
2025-10-17T13:20:07.000Z,Room 2.12,67
2025-10-17T13:40:07.000Z,Room 2.12,100
2025-10-17T14:00:07.000Z,Room 2.12,108
2025-10-17T14:20:07.000Z,Room 2.12,94
2025-10-17T14:40:07.000Z,Room 2.12,98
2025-10-17T15:00:07.000Z,Room 2.12,57
2025-10-17T15:20:07.000Z,Room 2.12,0
2025-10-17T15:40:08.000Z,Room 2.12,0
2025-10-17T16:00:07.000Z,Room 2.12,0
2025-10-17T16:20:07.000Z,Room 2.12,0
2025-10-17T16:40:08.000Z,Room 2.12,0
2025-10-17T17:00:07.000Z,Room 2.12,0
2025-10-17T17:20:07.000Z,Room 2.12,0
2025-10-17T17:40:07.000Z,Room 2.12,1
2025-10-20T07:00:07.000Z,Room 2.12,0
2025-10-20T07:20:07.000Z,Room 2.12,0
2025-10-20T07:40:07.000Z,Room 2.12,0
2025-10-20T08:00:07.000Z,Room 2.12,0
2025-10-20T08:20:07.000Z,Room 2.12,0
2025-10-20T08:40:07.000Z,Room 2.12,0
2025-10-20T09:00:07.000Z,Room 2.12,0
2025-10-20T09:20:07.000Z,Room 2.12,5
2025-10-20T09:40:07.000Z,Room 2.12,21
2025-10-20T10:00:07.000Z,Room 2.12,33
2025-10-20T10:20:07.000Z,Room 2.12,59
2025-10-20T10:40:07.000Z,Room 2.12,62
2025-10-20T11:00:07.000Z,Room 2.12,59
2025-10-20T11:20:07.000Z,Room 2.12,45
2025-10-20T11:40:07.000Z,Room 2.12,60
2025-10-20T12:00:07.000Z,Room 2.12,62
2025-10-20T12:20:07.000Z,Room 2.12,30
2025-10-20T12:40:07.000Z,Room 2.12,28
2025-10-20T13:00:07.000Z,Room 2.12,45
2025-10-20T13:20:07.000Z,Room 2.12,56
2025-10-20T13:40:07.000Z,Room 2.12,61
2025-10-20T14:00:08.000Z,Room 2.12,60
2025-10-20T14:20:05.000Z,Room 2.12,0
2025-10-20T15:00:10.000Z,Room 2.12,55
2025-10-20T15:20:07.000Z,Room 2.12,46
2025-10-20T15:40:07.000Z,Room 2.12,50
2025-10-20T16:00:08.000Z,Room 2.12,0
2025-10-20T16:20:08.000Z,Room 2.12,0
2025-10-20T16:40:07.000Z,Room 2.12,0
2025-10-20T17:00:07.000Z,Room 2.12,0
2025-10-20T17:20:07.000Z,Room 2.12,0
2025-10-20T17:40:08.000Z,Room 2.12,0
2025-10-21T07:00:07.000Z,Room 2.12,0
2025-10-21T07:20:07.000Z,Room 2.12,3
2025-10-21T07:40:07.000Z,Room 2.12,8
2025-10-21T08:00:07.000Z,Room 2.12,39
2025-10-21T08:20:07.000Z,Room 2.12,95
2025-10-21T08:40:07.000Z,Room 2.12,103
2025-10-21T09:00:07.000Z,Room 2.12,90
2025-10-21T09:20:07.000Z,Room 2.12,91
2025-10-21T09:40:08.000Z,Room 2.12,61
2025-10-21T10:00:07.000Z,Room 2.12,88
2025-10-21T10:20:07.000Z,Room 2.12,104
2025-10-21T10:40:07.000Z,Room 2.12,97
2025-10-21T11:00:07.000Z,Room 2.12,53
2025-10-21T11:20:07.000Z,Room 2.12,55
2025-10-21T11:40:07.000Z,Room 2.12,44
2025-10-21T12:00:07.000Z,Room 2.12,57
2025-10-21T12:20:07.000Z,Room 2.12,84
2025-10-21T12:40:07.000Z,Room 2.12,87
2025-10-21T13:00:06.000Z,Room 2.12,78
2025-10-21T13:20:08.000Z,Room 2.12,58
2025-10-21T13:40:07.000Z,Room 2.12,88
2025-10-21T14:00:08.000Z,Room 2.12,94
2025-10-21T14:20:07.000Z,Room 2.12,3
2025-10-21T14:40:07.000Z,Room 2.12,1
2025-10-21T15:20:11.000Z,Room 2.12,0
2025-10-21T15:40:07.000Z,Room 2.12,1
2025-10-21T16:00:07.000Z,Room 2.12,0
2025-10-21T16:20:08.000Z,Room 2.12,0
2025-10-21T16:40:07.000Z,Room 2.12,0
2025-10-21T17:00:07.000Z,Room 2.12,0
2025-10-21T17:20:08.000Z,Room 2.12,0
2025-10-21T17:40:08.000Z,Room 2.12,0
2025-10-22T07:00:07.000Z,Room 2.12,0
2025-10-22T07:20:07.000Z,Room 2.12,1
2025-10-22T07:40:07.000Z,Room 2.12,21
2025-10-22T08:00:08.000Z,Room 2.12,40
2025-10-22T08:20:07.000Z,Room 2.12,69
2025-10-22T08:40:07.000Z,Room 2.12,73
2025-10-22T09:00:07.000Z,Room 2.12,56
2025-10-22T09:40:07.000Z,Room 2.12,67
2025-10-22T10:00:10.000Z,Room 2.12,68
2025-10-22T10:20:08.000Z,Room 2.12,54
2025-10-22T10:40:07.000Z,Room 2.12,66
2025-10-22T11:00:07.000Z,Room 2.12,21
2025-10-22T11:20:08.000Z,Room 2.12,31
2025-10-22T11:40:07.000Z,Room 2.12,34
2025-10-22T12:00:07.000Z,Room 2.12,45
2025-10-22T12:40:08.000Z,Room 2.12,72
2025-10-22T13:00:07.000Z,Room 2.12,76
2025-10-22T13:20:08.000Z,Room 2.12,57
2025-10-22T13:40:05.000Z,Room 2.12,0
2025-10-22T14:20:10.000Z,Room 2.12,113
2025-10-22T14:40:07.000Z,Room 2.12,110
2025-10-22T15:00:08.000Z,Room 2.12,103
2025-10-22T15:20:07.000Z,Room 2.12,100
2025-10-22T15:40:08.000Z,Room 2.12,101
2025-10-22T16:00:07.000Z,Room 2.12,8
2025-10-22T16:20:07.000Z,Room 2.12,0
2025-10-22T16:40:08.000Z,Room 2.12,0
2025-10-22T17:00:07.000Z,Room 2.12,0
2025-10-22T17:20:07.000Z,Room 2.12,0
2025-10-22T17:40:07.000Z,Room 2.12,1
2025-10-23T07:00:07.000Z,Room 2.12,0
2025-10-23T07:20:07.000Z,Room 2.12,4
2025-10-23T07:40:07.000Z,Room 2.12,18
2025-10-23T08:00:08.000Z,Room 2.12,52
2025-10-23T08:20:07.000Z,Room 2.12,112
2025-10-23T08:40:07.000Z,Room 2.12,103
2025-10-23T09:00:07.000Z,Room 2.12,110
2025-10-23T09:20:08.000Z,Room 2.12,104
2025-10-23T09:40:08.000Z,Room 2.12,115
2025-10-23T10:00:07.000Z,Room 2.12,112
2025-10-23T10:20:08.000Z,Room 2.12,66
2025-10-23T10:40:07.000Z,Room 2.12,110
2025-10-23T11:00:08.000Z,Room 2.12,105
2025-10-23T11:20:08.000Z,Room 2.12,56
2025-10-23T11:40:08.000Z,Room 2.12,48
2025-10-23T12:00:07.000Z,Room 2.12,45
2025-10-23T12:20:07.000Z,Room 2.12,61
2025-10-23T12:40:07.000Z,Room 2.12,72
2025-10-23T13:00:07.000Z,Room 2.12,73
2025-10-23T13:20:08.000Z,Room 2.12,39
2025-10-23T13:40:07.000Z,Room 2.12,65
2025-10-23T14:00:07.000Z,Room 2.12,65
2025-10-23T14:20:06.000Z,Room 2.12,65
2025-10-23T15:00:10.000Z,Room 2.12,0
2025-10-23T15:20:07.000Z,Room 2.12,0
2025-10-23T15:40:07.000Z,Room 2.12,0
2025-10-23T16:00:07.000Z,Room 2.12,0
2025-10-23T16:20:08.000Z,Room 2.12,0
2025-10-23T16:40:07.000Z,Room 2.12,0
2025-10-23T17:00:07.000Z,Room 2.12,0
2025-10-23T17:20:07.000Z,Room 2.12,0
2025-10-23T17:40:07.000Z,Room 2.12,0
2025-10-24T07:00:08.000Z,Room 2.12,0
2025-10-24T07:20:07.000Z,Room 2.12,3
2025-10-24T07:40:07.000Z,Room 2.12,19
2025-10-24T08:00:07.000Z,Room 2.12,58
2025-10-24T08:20:07.000Z,Room 2.12,122
2025-10-24T08:40:07.000Z,Room 2.12,125
2025-10-24T09:00:07.000Z,Room 2.12,114
2025-10-24T09:20:08.000Z,Room 2.12,132
2025-10-24T09:40:07.000Z,Room 2.12,133
2025-10-24T10:00:08.000Z,Room 2.12,134
2025-10-24T10:20:07.000Z,Room 2.12,132
2025-10-24T10:40:06.000Z,Room 2.12,124
2025-10-24T11:00:07.000Z,Room 2.12,116
2025-10-24T11:20:07.000Z,Room 2.12,49
2025-10-24T11:40:07.000Z,Room 2.12,32
2025-10-24T12:00:07.000Z,Room 2.12,43
2025-10-24T12:20:07.000Z,Room 2.12,112
2025-10-24T12:40:08.000Z,Room 2.12,110
2025-10-24T13:20:07.000Z,Room 2.12,103
2025-10-24T13:40:07.000Z,Room 2.12,96
2025-10-24T14:00:07.000Z,Room 2.12,88
2025-10-24T14:20:08.000Z,Room 2.12,67
2025-10-24T14:40:07.000Z,Room 2.12,67
2025-10-24T15:00:07.000Z,Room 2.12,39
2025-10-24T15:20:07.000Z,Room 2.12,1
2025-10-24T15:40:05.000Z,Room 2.12,0
2025-10-24T16:20:10.000Z,Room 2.12,0
2025-10-24T16:40:08.000Z,Room 2.12,0
2025-10-24T17:00:07.000Z,Room 2.12,0
2025-10-24T17:20:08.000Z,Room 2.12,0
2025-10-24T17:40:07.000Z,Room 2.12,0
2025-10-27T08:00:07.000Z,Room 2.12,0
2025-10-27T08:20:07.000Z,Room 2.12,0
2025-10-27T08:40:06.000Z,Room 2.12,1
2025-10-27T09:20:10.000Z,Room 2.12,0
2025-10-27T09:40:07.000Z,Room 2.12,1
2025-10-27T10:00:07.000Z,Room 2.12,1
2025-10-27T10:20:07.000Z,Room 2.12,2
2025-10-27T10:40:07.000Z,Room 2.12,3
2025-10-27T11:00:07.000Z,Room 2.12,20
2025-10-27T11:20:07.000Z,Room 2.12,48
2025-10-27T11:40:07.000Z,Room 2.12,47
2025-10-27T12:00:07.000Z,Room 2.12,47
2025-10-27T12:20:07.000Z,Room 2.12,48
2025-10-27T12:40:07.000Z,Room 2.12,46
2025-10-27T13:00:08.000Z,Room 2.12,25
2025-10-27T13:20:07.000Z,Room 2.12,30
2025-10-27T13:40:07.000Z,Room 2.12,33
2025-10-27T14:00:07.000Z,Room 2.12,33
2025-10-27T14:20:08.000Z,Room 2.12,66
2025-10-27T14:40:07.000Z,Room 2.12,65
2025-10-27T15:00:07.000Z,Room 2.12,61
2025-10-27T15:20:07.000Z,Room 2.12,57
2025-10-27T15:40:07.000Z,Room 2.12,57
2025-10-27T16:00:07.000Z,Room 2.12,44
2025-10-27T16:20:07.000Z,Room 2.12,50
2025-10-27T16:40:07.000Z,Room 2.12,58
2025-10-27T17:00:07.000Z,Room 2.12,0
2025-10-27T17:20:07.000Z,Room 2.12,0
2025-10-27T17:40:08.000Z,Room 2.12,0
2025-10-27T18:00:07.000Z,Room 2.12,1
2025-10-27T18:20:08.000Z,Room 2.12,0
2025-10-28T08:00:07.000Z,Room 2.12,0
2025-10-28T08:20:07.000Z,Room 2.12,3
2025-10-28T08:40:07.000Z,Room 2.12,12
2025-10-28T09:00:07.000Z,Room 2.12,43
2025-10-28T09:20:07.000Z,Room 2.12,102
2025-10-28T09:40:07.000Z,Room 2.12,110
2025-10-28T10:00:07.000Z,Room 2.12,101
2025-10-28T10:20:07.000Z,Room 2.12,105
2025-10-28T10:40:07.000Z,Room 2.12,66
2025-10-28T11:00:08.000Z,Room 2.12,109
2025-10-28T11:20:08.000Z,Room 2.12,94
2025-10-28T11:40:07.000Z,Room 2.12,101
2025-10-28T12:00:08.000Z,Room 2.12,30
2025-10-28T12:20:07.000Z,Room 2.12,39
2025-10-28T12:40:07.000Z,Room 2.12,36
2025-10-28T13:00:07.000Z,Room 2.12,41
2025-10-28T13:20:07.000Z,Room 2.12,90
2025-10-28T13:40:07.000Z,Room 2.12,88
2025-10-28T14:00:07.000Z,Room 2.12,85
2025-10-28T14:20:09.000Z,Room 2.12,62
2025-10-28T14:40:07.000Z,Room 2.12,77
2025-10-28T15:00:07.000Z,Room 2.12,77
2025-10-28T15:20:07.000Z,Room 2.12,71
2025-10-28T15:40:07.000Z,Room 2.12,3
2025-10-28T16:00:07.000Z,Room 2.12,0
2025-10-28T16:20:07.000Z,Room 2.12,0
2025-10-28T16:40:07.000Z,Room 2.12,0
2025-10-28T17:00:07.000Z,Room 2.12,0
2025-10-28T17:20:07.000Z,Room 2.12,0
2025-10-28T17:40:07.000Z,Room 2.12,0
2025-10-28T18:00:08.000Z,Room 2.12,1
2025-10-28T18:20:07.000Z,Room 2.12,1
2025-10-28T18:40:07.000Z,Room 2.12,1
2025-10-29T08:00:07.000Z,Room 2.12,0
2025-10-29T08:20:07.000Z,Room 2.12,1
2025-10-29T08:40:07.000Z,Room 2.12,2
2025-10-29T09:00:07.000Z,Room 2.12,39
2025-10-29T09:20:07.000Z,Room 2.12,64
2025-10-29T09:40:07.000Z,Room 2.12,70
2025-10-29T10:00:07.000Z,Room 2.12,66
2025-10-29T10:20:08.000Z,Room 2.12,40
2025-10-29T10:40:08.000Z,Room 2.12,67
2025-10-29T11:00:08.000Z,Room 2.12,66
2025-10-29T11:20:07.000Z,Room 2.12,66
2025-10-29T11:40:07.000Z,Room 2.12,65
2025-10-29T12:00:07.000Z,Room 2.12,26
2025-10-29T12:20:07.000Z,Room 2.12,44
2025-10-29T12:40:07.000Z,Room 2.12,37
2025-10-29T13:00:08.000Z,Room 2.12,43
2025-10-29T13:20:07.000Z,Room 2.12,83
2025-10-29T13:40:07.000Z,Room 2.12,67
2025-10-29T14:00:07.000Z,Room 2.12,63
2025-10-29T14:20:07.000Z,Room 2.12,82
2025-10-29T14:40:07.000Z,Room 2.12,76
2025-10-29T15:00:08.000Z,Room 2.12,52
2025-10-29T15:20:08.000Z,Room 2.12,90
2025-10-29T15:40:07.000Z,Room 2.12,98
2025-10-29T16:00:08.000Z,Room 2.12,102
2025-10-29T16:20:07.000Z,Room 2.12,99
2025-10-29T16:40:07.000Z,Room 2.12,101
2025-10-29T17:00:08.000Z,Room 2.12,3
2025-10-29T17:20:07.000Z,Room 2.12,0
2025-10-29T17:40:07.000Z,Room 2.12,1
2025-10-29T18:00:08.000Z,Room 2.12,1
2025-10-29T18:40:07.000Z,Room 2.12,0
2025-10-30T08:00:07.000Z,Room 2.12,0
2025-10-30T08:20:08.000Z,Room 2.12,5
2025-10-30T08:40:08.000Z,Room 2.12,23
2025-10-30T09:00:07.000Z,Room 2.12,41
2025-10-30T09:20:07.000Z,Room 2.12,73
2025-10-30T09:40:07.000Z,Room 2.12,89
2025-10-30T10:00:07.000Z,Room 2.12,82
2025-10-30T10:20:08.000Z,Room 2.12,52
2025-10-30T10:40:09.000Z,Room 2.12,100
2025-10-30T11:00:07.000Z,Room 2.12,95
2025-10-30T11:20:07.000Z,Room 2.12,91
2025-10-30T11:40:07.000Z,Room 2.12,98
2025-10-30T12:00:08.000Z,Room 2.12,55
2025-10-30T12:20:07.000Z,Room 2.12,45
2025-10-30T12:40:08.000Z,Room 2.12,34
2025-10-30T13:00:07.000Z,Room 2.12,42
2025-10-30T13:20:07.000Z,Room 2.12,74
2025-10-30T13:40:07.000Z,Room 2.12,66
2025-10-30T14:00:08.000Z,Room 2.12,64
2025-10-30T14:20:09.000Z,Room 2.12,48
2025-10-30T14:40:07.000Z,Room 2.12,60
2025-10-30T15:00:07.000Z,Room 2.12,63
2025-10-30T15:20:07.000Z,Room 2.12,49
2025-10-30T15:40:07.000Z,Room 2.12,52
2025-10-30T16:00:07.000Z,Room 2.12,0
2025-10-30T16:20:07.000Z,Room 2.12,0
2025-10-30T16:40:07.000Z,Room 2.12,0
2025-10-30T17:00:08.000Z,Room 2.12,0
2025-10-30T17:40:07.000Z,Room 2.12,0
2025-10-30T18:00:07.000Z,Room 2.12,1
2025-10-30T18:20:08.000Z,Room 2.12,0
2025-10-30T18:40:07.000Z,Room 2.12,0
2025-10-31T08:00:04.000Z,Room 2.12,0
2025-10-31T08:40:11.000Z,Room 2.12,18
2025-10-31T09:00:07.000Z,Room 2.12,50
2025-10-31T09:20:07.000Z,Room 2.12,105
2025-10-31T09:40:08.000Z,Room 2.12,102
2025-10-31T10:00:07.000Z,Room 2.12,111
2025-10-31T10:20:07.000Z,Room 2.12,110
2025-10-31T10:40:08.000Z,Room 2.12,99
2025-10-31T11:00:07.000Z,Room 2.12,115
2025-10-31T11:20:08.000Z,Room 2.12,114
2025-10-31T11:40:07.000Z,Room 2.12,99
2025-10-31T12:00:07.000Z,Room 2.12,53
2025-10-31T12:20:07.000Z,Room 2.12,39
2025-10-31T12:40:08.000Z,Room 2.12,46
2025-10-31T13:00:07.000Z,Room 2.12,46
2025-10-31T13:20:04.000Z,Room 2.12,0
2025-10-31T14:00:11.000Z,Room 2.12,100
2025-10-31T14:20:06.000Z,Room 2.12,48
2025-10-31T14:40:08.000Z,Room 2.12,99
2025-10-31T15:00:08.000Z,Room 2.12,94
2025-10-31T15:20:07.000Z,Room 2.12,53
2025-10-31T15:40:07.000Z,Room 2.12,75
2025-10-31T16:00:07.000Z,Room 2.12,38
2025-10-31T16:20:08.000Z,Room 2.12,0
2025-10-31T16:40:07.000Z,Room 2.12,0
2025-10-31T17:00:07.000Z,Room 2.12,0
2025-10-31T17:20:07.000Z,Room 2.12,1
2025-10-31T17:40:07.000Z,Room 2.12,0
2025-10-31T18:00:07.000Z,Room 2.12,0
2025-10-31T18:20:07.000Z,Room 2.12,1
2025-10-31T18:40:07.000Z,Room 2.12,0
2025-11-03T08:00:07.000Z,Room 2.12,0
2025-11-03T08:20:07.000Z,Room 2.12,1
2025-11-03T08:40:07.000Z,Room 2.12,1
2025-11-03T09:00:07.000Z,Room 2.12,4
2025-11-03T09:20:07.000Z,Room 2.12,3
2025-11-03T09:40:08.000Z,Room 2.12,3
2025-11-03T10:00:08.000Z,Room 2.12,4
2025-11-03T10:20:07.000Z,Room 2.12,4
2025-11-03T10:40:07.000Z,Room 2.12,7
2025-11-03T11:00:08.000Z,Room 2.12,24
2025-11-03T11:20:07.000Z,Room 2.12,64
2025-11-03T11:40:07.000Z,Room 2.12,54
2025-11-03T12:00:07.000Z,Room 2.12,63
2025-11-03T12:20:07.000Z,Room 2.12,55
2025-11-03T12:40:07.000Z,Room 2.12,54
2025-11-03T13:00:07.000Z,Room 2.12,27
2025-11-03T13:20:07.000Z,Room 2.12,30
2025-11-03T13:40:07.000Z,Room 2.12,27
2025-11-03T14:00:07.000Z,Room 2.12,43
2025-11-03T14:20:07.000Z,Room 2.12,72
2025-11-03T14:40:07.000Z,Room 2.12,72
2025-11-03T15:00:07.000Z,Room 2.12,76
2025-11-03T15:20:07.000Z,Room 2.12,41
2025-11-03T15:40:07.000Z,Room 2.12,55
2025-11-03T16:00:07.000Z,Room 2.12,56
2025-11-03T16:20:07.000Z,Room 2.12,59
2025-11-03T16:40:07.000Z,Room 2.12,60
2025-11-03T17:00:07.000Z,Room 2.12,13
2025-11-03T17:20:07.000Z,Room 2.12,0
2025-11-03T17:40:07.000Z,Room 2.12,1
2025-11-03T18:00:07.000Z,Room 2.12,0
2025-11-03T18:20:07.000Z,Room 2.12,0
2025-11-03T18:40:07.000Z,Room 2.12,1
2025-11-04T08:00:07.000Z,Room 2.12,0
2025-11-04T08:20:08.000Z,Room 2.12,0
2025-11-04T08:40:07.000Z,Room 2.12,0
2025-11-04T09:00:07.000Z,Room 2.12,0
2025-11-04T09:20:07.000Z,Room 2.12,0
2025-11-04T09:40:07.000Z,Room 2.12,0
2025-11-04T10:00:07.000Z,Room 2.12,0
2025-11-04T10:20:08.000Z,Room 2.12,0
2025-11-04T10:40:08.000Z,Room 2.12,0
2025-11-04T11:00:07.000Z,Room 2.12,0
2025-11-04T11:20:07.000Z,Room 2.12,0
2025-11-04T11:40:07.000Z,Room 2.12,0
2025-11-04T12:00:07.000Z,Room 2.12,1
2025-11-04T12:20:07.000Z,Room 2.12,6
2025-11-04T12:40:04.000Z,Room 2.12,0
2025-11-04T13:20:10.000Z,Room 2.12,50
2025-11-04T13:40:07.000Z,Room 2.12,53
2025-11-04T14:00:07.000Z,Room 2.12,55
2025-11-04T14:20:07.000Z,Room 2.12,56
2025-11-04T14:40:07.000Z,Room 2.12,43
2025-11-04T15:00:08.000Z,Room 2.12,54
2025-11-04T15:20:07.000Z,Room 2.12,48
2025-11-04T15:40:08.000Z,Room 2.12,45
2025-11-04T16:00:07.000Z,Room 2.12,0
2025-11-04T16:20:07.000Z,Room 2.12,0
2025-11-04T16:40:08.000Z,Room 2.12,0
2025-11-04T17:00:07.000Z,Room 2.12,0
2025-11-04T17:20:07.000Z,Room 2.12,0
2025-11-04T17:40:08.000Z,Room 2.12,1
2025-11-04T18:00:07.000Z,Room 2.12,0
2025-11-04T18:20:07.000Z,Room 2.12,0
2025-11-04T18:40:08.000Z,Room 2.12,0
2025-11-05T08:00:07.000Z,Room 2.12,0
2025-11-05T08:20:07.000Z,Room 2.12,3
2025-11-05T08:40:07.000Z,Room 2.12,13
2025-11-05T09:00:08.000Z,Room 2.12,44
2025-11-05T09:20:07.000Z,Room 2.12,73
2025-11-05T09:40:07.000Z,Room 2.12,75
2025-11-05T10:00:07.000Z,Room 2.12,79
2025-11-05T10:20:07.000Z,Room 2.12,74
2025-11-05T10:40:07.000Z,Room 2.12,83
2025-11-05T11:00:07.000Z,Room 2.12,80
2025-11-05T11:20:07.000Z,Room 2.12,53
2025-11-05T11:40:04.000Z,Room 2.12,0
2025-11-05T12:20:10.000Z,Room 2.12,24
2025-11-05T12:40:07.000Z,Room 2.12,22
2025-11-05T13:00:08.000Z,Room 2.12,36
2025-11-05T13:20:07.000Z,Room 2.12,39
2025-11-05T13:40:07.000Z,Room 2.12,34
2025-11-05T14:00:07.000Z,Room 2.12,40
2025-11-05T14:20:07.000Z,Room 2.12,45
2025-11-05T14:40:07.000Z,Room 2.12,50
2025-11-05T15:00:07.000Z,Room 2.12,54
2025-11-05T15:20:07.000Z,Room 2.12,99
2025-11-05T15:40:07.000Z,Room 2.12,104
2025-11-05T16:00:07.000Z,Room 2.12,95
2025-11-05T16:20:08.000Z,Room 2.12,90
2025-11-05T16:40:07.000Z,Room 2.12,95
2025-11-05T17:00:07.000Z,Room 2.12,0
2025-11-05T17:20:07.000Z,Room 2.12,0
2025-11-05T17:40:07.000Z,Room 2.12,0
2025-11-05T18:00:07.000Z,Room 2.12,1
2025-11-05T18:20:07.000Z,Room 2.12,0
2025-11-05T18:40:07.000Z,Room 2.12,1
2025-11-06T08:00:07.000Z,Room 2.12,0
2025-11-06T08:20:07.000Z,Room 2.12,5
2025-11-06T08:40:08.000Z,Room 2.12,20
2025-11-06T09:00:07.000Z,Room 2.12,51
2025-11-06T09:20:07.000Z,Room 2.12,118
2025-11-06T09:40:07.000Z,Room 2.12,122
2025-11-06T10:00:07.000Z,Room 2.12,130
2025-11-06T10:20:07.000Z,Room 2.12,62
2025-11-06T10:40:07.000Z,Room 2.12,122
2025-11-06T11:00:04.000Z,Room 2.12,0
2025-11-06T11:40:10.000Z,Room 2.12,124
2025-11-06T12:00:07.000Z,Room 2.12,122
2025-11-06T12:20:07.000Z,Room 2.12,49
2025-11-06T12:40:07.000Z,Room 2.12,41
2025-11-06T13:00:07.000Z,Room 2.12,42
2025-11-06T13:20:07.000Z,Room 2.12,65
2025-11-06T13:40:07.000Z,Room 2.12,76
2025-11-06T14:00:07.000Z,Room 2.12,74
2025-11-06T14:20:08.000Z,Room 2.12,57
2025-11-06T14:40:08.000Z,Room 2.12,67
2025-11-06T15:00:07.000Z,Room 2.12,65
2025-11-06T15:20:07.000Z,Room 2.12,39
2025-11-06T15:40:07.000Z,Room 2.12,45
2025-11-06T16:00:08.000Z,Room 2.12,4
2025-11-06T16:20:07.000Z,Room 2.12,0
2025-11-06T16:40:07.000Z,Room 2.12,0
2025-11-06T17:00:07.000Z,Room 2.12,0
2025-11-06T17:20:08.000Z,Room 2.12,0
2025-11-06T17:40:07.000Z,Room 2.12,0
2025-11-06T18:00:08.000Z,Room 2.12,0
2025-11-06T18:20:07.000Z,Room 2.12,0
2025-11-06T18:40:08.000Z,Room 2.12,0
2025-11-07T08:00:07.000Z,Room 2.12,0
2025-11-07T08:20:07.000Z,Room 2.12,1
2025-11-07T08:40:08.000Z,Room 2.12,25
2025-11-07T09:00:07.000Z,Room 2.12,53
2025-11-07T09:20:07.000Z,Room 2.12,131
2025-11-07T09:40:07.000Z,Room 2.12,128
2025-11-07T10:00:07.000Z,Room 2.12,125
2025-11-07T10:20:07.000Z,Room 2.12,123
2025-11-07T10:40:07.000Z,Room 2.12,129
2025-11-07T11:00:07.000Z,Room 2.12,126
2025-11-07T11:20:07.000Z,Room 2.12,64
2025-11-07T11:40:07.000Z,Room 2.12,125
2025-11-07T12:00:07.000Z,Room 2.12,53
2025-11-07T12:20:07.000Z,Room 2.12,54
2025-11-07T12:40:09.000Z,Room 2.12,55
2025-11-07T13:00:07.000Z,Room 2.12,53
2025-11-07T13:20:09.000Z,Room 2.12,102
2025-11-07T13:40:07.000Z,Room 2.12,96
2025-11-07T14:00:07.000Z,Room 2.12,108
2025-11-07T14:20:07.000Z,Room 2.12,99
2025-11-07T14:40:07.000Z,Room 2.12,99
2025-11-07T15:00:07.000Z,Room 2.12,85
2025-11-07T15:20:07.000Z,Room 2.12,80
2025-11-07T15:40:07.000Z,Room 2.12,81
2025-11-07T16:00:07.000Z,Room 2.12,4
2025-11-07T16:20:07.000Z,Room 2.12,0
2025-11-07T16:40:07.000Z,Room 2.12,0
2025-11-07T17:20:08.000Z,Room 2.12,1
2025-11-07T17:40:07.000Z,Room 2.12,0
2025-11-07T18:00:08.000Z,Room 2.12,0
2025-11-07T18:20:07.000Z,Room 2.12,0
2025-11-07T18:40:08.000Z,Room 2.12,0
2025-11-10T08:00:07.000Z,Room 2.12,0
2025-11-10T08:20:07.000Z,Room 2.12,0
2025-11-10T08:40:07.000Z,Room 2.12,0
2025-11-10T09:00:08.000Z,Room 2.12,1
2025-11-10T09:20:07.000Z,Room 2.12,1
2025-11-10T09:40:08.000Z,Room 2.12,0
2025-11-10T10:00:07.000Z,Room 2.12,0
2025-11-10T10:20:07.000Z,Room 2.12,1
2025-11-10T10:40:07.000Z,Room 2.12,4
2025-11-10T11:00:07.000Z,Room 2.12,30
2025-11-10T11:20:08.000Z,Room 2.12,55
2025-11-10T11:40:07.000Z,Room 2.12,56
2025-11-10T12:00:07.000Z,Room 2.12,53
2025-11-10T12:20:08.000Z,Room 2.12,46
2025-11-10T12:40:08.000Z,Room 2.12,58
2025-11-10T13:00:08.000Z,Room 2.12,51
2025-11-10T13:20:07.000Z,Room 2.12,35
2025-11-10T13:40:07.000Z,Room 2.12,27
2025-11-10T14:00:07.000Z,Room 2.12,37
2025-11-10T14:20:08.000Z,Room 2.12,57
2025-11-10T14:40:07.000Z,Room 2.12,61
2025-11-10T15:00:07.000Z,Room 2.12,61
2025-11-10T15:20:07.000Z,Room 2.12,45
2025-11-10T15:40:07.000Z,Room 2.12,63
2025-11-10T16:00:07.000Z,Room 2.12,54
2025-11-10T16:20:08.000Z,Room 2.12,49
2025-11-10T16:40:08.000Z,Room 2.12,51
2025-11-10T17:00:08.000Z,Room 2.12,0
2025-11-10T17:20:07.000Z,Room 2.12,0
2025-11-10T17:40:07.000Z,Room 2.12,0
2025-11-10T18:00:07.000Z,Room 2.12,0
2025-11-10T18:20:07.000Z,Room 2.12,0
2025-11-10T18:40:07.000Z,Room 2.12,0
2025-11-11T08:00:07.000Z,Room 2.12,0
2025-11-11T08:20:07.000Z,Room 2.12,2
2025-11-11T08:40:07.000Z,Room 2.12,8
2025-11-11T09:00:07.000Z,Room 2.12,32
2025-11-11T09:20:07.000Z,Room 2.12,95
2025-11-11T09:40:08.000Z,Room 2.12,104
2025-11-11T10:00:08.000Z,Room 2.12,108
2025-11-11T10:20:07.000Z,Room 2.12,100
2025-11-11T10:40:08.000Z,Room 2.12,65
2025-11-11T11:00:08.000Z,Room 2.12,108
2025-11-11T11:20:07.000Z,Room 2.12,98
2025-11-11T11:40:07.000Z,Room 2.12,105
2025-11-11T12:00:07.000Z,Room 2.12,36
2025-11-11T12:20:07.000Z,Room 2.12,41
2025-11-11T12:40:07.000Z,Room 2.12,38
2025-11-11T13:00:07.000Z,Room 2.12,46
2025-11-11T13:20:07.000Z,Room 2.12,81
2025-11-11T13:40:07.000Z,Room 2.12,77
2025-11-11T14:00:07.000Z,Room 2.12,72
2025-11-11T14:20:07.000Z,Room 2.12,67
2025-11-11T14:40:08.000Z,Room 2.12,78
2025-11-11T15:00:08.000Z,Room 2.12,19
2025-11-11T15:20:08.000Z,Room 2.12,11
2025-11-11T15:40:07.000Z,Room 2.12,0
2025-11-11T16:00:08.000Z,Room 2.12,0
2025-11-11T16:20:07.000Z,Room 2.12,0
2025-11-11T16:40:07.000Z,Room 2.12,0
2025-11-11T17:00:07.000Z,Room 2.12,0
2025-11-11T17:20:07.000Z,Room 2.12,0
2025-11-11T17:40:07.000Z,Room 2.12,0
2025-11-11T18:00:07.000Z,Room 2.12,1
2025-11-11T18:20:07.000Z,Room 2.12,1
2025-11-11T18:40:07.000Z,Room 2.12,0
2025-11-12T08:00:07.000Z,Room 2.12,0
2025-11-12T08:20:07.000Z,Room 2.12,1
2025-11-12T08:40:08.000Z,Room 2.12,11
2025-11-12T09:00:07.000Z,Room 2.12,40
2025-11-12T09:20:08.000Z,Room 2.12,73
2025-11-12T09:40:07.000Z,Room 2.12,74
2025-11-12T10:00:07.000Z,Room 2.12,69
2025-11-12T10:20:07.000Z,Room 2.12,62
2025-11-12T10:40:08.000Z,Room 2.12,69
2025-11-12T11:00:07.000Z,Room 2.12,69
2025-11-12T11:40:07.000Z,Room 2.12,66
2025-11-12T12:00:08.000Z,Room 2.12,17
2025-11-12T12:20:07.000Z,Room 2.12,30
2025-11-12T12:40:07.000Z,Room 2.12,34
2025-11-12T13:00:07.000Z,Room 2.12,50
2025-11-12T13:20:07.000Z,Room 2.12,63
2025-11-12T13:40:07.000Z,Room 2.12,62
2025-11-12T14:00:08.000Z,Room 2.12,59
2025-11-12T14:20:07.000Z,Room 2.12,61
2025-11-12T14:40:07.000Z,Room 2.12,63
2025-11-12T15:00:07.000Z,Room 2.12,60
2025-11-12T15:20:07.000Z,Room 2.12,108
2025-11-12T15:40:07.000Z,Room 2.12,99
2025-11-12T16:00:07.000Z,Room 2.12,102
2025-11-12T16:20:07.000Z,Room 2.12,91
2025-11-12T16:40:07.000Z,Room 2.12,82
2025-11-12T17:00:07.000Z,Room 2.12,14
2025-11-12T17:20:07.000Z,Room 2.12,0
2025-11-12T17:40:07.000Z,Room 2.12,0
2025-11-12T18:00:07.000Z,Room 2.12,0
2025-11-12T18:20:07.000Z,Room 2.12,0
2025-11-12T18:40:07.000Z,Room 2.12,0
2025-11-13T08:00:07.000Z,Room 2.12,0
2025-11-13T08:20:07.000Z,Room 2.12,1
2025-11-13T08:40:07.000Z,Room 2.12,18
2025-11-13T09:00:07.000Z,Room 2.12,42
2025-11-13T09:20:07.000Z,Room 2.12,103
2025-11-13T09:40:07.000Z,Room 2.12,105
2025-11-13T10:00:07.000Z,Room 2.12,109
2025-11-13T10:20:07.000Z,Room 2.12,43
2025-11-13T10:40:07.000Z,Room 2.12,109
2025-11-13T11:00:07.000Z,Room 2.12,105
2025-11-13T11:20:08.000Z,Room 2.12,63
2025-11-13T11:40:07.000Z,Room 2.12,99
2025-11-13T12:00:08.000Z,Room 2.12,77
2025-11-13T12:20:08.000Z,Room 2.12,41
2025-11-13T12:40:07.000Z,Room 2.12,44
2025-11-13T13:00:07.000Z,Room 2.12,34
2025-11-13T13:20:07.000Z,Room 2.12,66
2025-11-13T13:40:07.000Z,Room 2.12,72
2025-11-13T14:00:07.000Z,Room 2.12,65
2025-11-13T14:20:07.000Z,Room 2.12,60
2025-11-13T14:40:05.000Z,Room 2.12,0
2025-11-13T15:20:10.000Z,Room 2.12,46
2025-11-13T15:40:07.000Z,Room 2.12,14
2025-11-13T16:00:07.000Z,Room 2.12,0
2025-11-13T16:20:08.000Z,Room 2.12,0
2025-11-13T16:40:07.000Z,Room 2.12,0
2025-11-13T17:00:07.000Z,Room 2.12,0
2025-11-13T17:20:07.000Z,Room 2.12,1
2025-11-13T17:40:07.000Z,Room 2.12,0
2025-11-13T18:00:07.000Z,Room 2.12,0
2025-11-13T18:20:08.000Z,Room 2.12,0
2025-11-13T18:40:07.000Z,Room 2.12,0
2025-11-14T08:00:07.000Z,Room 2.12,0
2025-11-14T08:20:09.000Z,Room 2.12,9
2025-11-14T08:40:07.000Z,Room 2.12,20
2025-11-14T09:00:07.000Z,Room 2.12,55
2025-11-14T09:20:07.000Z,Room 2.12,130
2025-11-14T09:40:07.000Z,Room 2.12,130
2025-11-14T10:00:07.000Z,Room 2.12,122
2025-11-14T10:20:07.000Z,Room 2.12,126
2025-11-14T10:40:07.000Z,Room 2.12,126
2025-11-14T11:00:07.000Z,Room 2.12,88
2025-11-14T11:20:07.000Z,Room 2.12,106
2025-11-14T11:40:08.000Z,Room 2.12,110
2025-11-14T12:00:07.000Z,Room 2.12,108
2025-11-14T12:20:04.000Z,Room 2.12,0
2025-11-14T13:00:10.000Z,Room 2.12,44
2025-11-14T13:20:06.000Z,Room 2.12,91
2025-11-14T14:00:10.000Z,Room 2.12,89
2025-11-14T14:20:07.000Z,Room 2.12,51
2025-11-14T14:40:07.000Z,Room 2.12,85
2025-11-14T15:00:07.000Z,Room 2.12,83
2025-11-14T15:20:07.000Z,Room 2.12,49
2025-11-14T15:40:07.000Z,Room 2.12,78
2025-11-14T16:00:07.000Z,Room 2.12,78
2025-11-14T16:20:07.000Z,Room 2.12,0
2025-11-14T16:40:07.000Z,Room 2.12,0
2025-11-14T17:00:07.000Z,Room 2.12,0
2025-11-14T17:20:07.000Z,Room 2.12,0
2025-11-14T17:40:07.000Z,Room 2.12,0
2025-11-14T18:00:07.000Z,Room 2.12,0
2025-11-14T18:20:07.000Z,Room 2.12,1
2025-11-14T18:40:08.000Z,Room 2.12,0
2025-11-17T08:00:08.000Z,Room 2.12,0
2025-11-17T08:20:08.000Z,Room 2.12,0
2025-11-17T08:40:08.000Z,Room 2.12,0
2025-11-17T09:00:07.000Z,Room 2.12,0
2025-11-17T09:20:07.000Z,Room 2.12,0
2025-11-17T10:20:07.000Z,Room 2.12,2
2025-11-17T10:40:07.000Z,Room 2.12,6
2025-11-17T11:00:08.000Z,Room 2.12,27
2025-11-17T11:20:07.000Z,Room 2.12,48
2025-11-17T11:40:07.000Z,Room 2.12,52
2025-11-17T12:00:07.000Z,Room 2.12,47
2025-11-17T12:40:08.000Z,Room 2.12,54
2025-11-17T13:00:07.000Z,Room 2.12,37
2025-11-17T13:20:07.000Z,Room 2.12,34
2025-11-17T13:40:07.000Z,Room 2.12,26
2025-11-17T14:00:07.000Z,Room 2.12,35
2025-11-17T14:20:07.000Z,Room 2.12,59
2025-11-17T14:40:07.000Z,Room 2.12,56
2025-11-17T15:00:07.000Z,Room 2.12,49
2025-11-17T15:20:07.000Z,Room 2.12,34
2025-11-17T15:40:07.000Z,Room 2.12,50
2025-11-17T16:00:07.000Z,Room 2.12,56
2025-11-17T16:20:07.000Z,Room 2.12,44
2025-11-17T16:40:07.000Z,Room 2.12,41
2025-11-17T17:00:07.000Z,Room 2.12,0
2025-11-17T17:20:07.000Z,Room 2.12,1
2025-11-17T17:40:07.000Z,Room 2.12,0
2025-11-17T18:00:07.000Z,Room 2.12,0
2025-11-17T18:20:07.000Z,Room 2.12,0
2025-11-17T18:40:07.000Z,Room 2.12,0
2025-11-18T08:00:07.000Z,Room 2.12,0
2025-11-18T08:40:10.000Z,Room 2.12,14
2025-11-18T09:00:07.000Z,Room 2.12,33
2025-11-18T09:20:07.000Z,Room 2.12,86
2025-11-18T09:40:08.000Z,Room 2.12,87
2025-11-18T10:00:07.000Z,Room 2.12,80
2025-11-18T10:20:07.000Z,Room 2.12,86
2025-11-18T10:40:05.000Z,Room 2.12,0
2025-11-18T11:20:10.000Z,Room 2.12,87
2025-11-18T11:40:07.000Z,Room 2.12,97
2025-11-18T12:00:08.000Z,Room 2.12,41
2025-11-18T12:20:07.000Z,Room 2.12,42
2025-11-18T12:40:07.000Z,Room 2.12,44
2025-11-18T13:00:07.000Z,Room 2.12,61
2025-11-18T13:20:07.000Z,Room 2.12,78
2025-11-18T13:40:07.000Z,Room 2.12,74
2025-11-18T14:00:07.000Z,Room 2.12,68
2025-11-18T14:20:07.000Z,Room 2.12,57
2025-11-18T14:40:07.000Z,Room 2.12,58
2025-11-18T15:00:05.000Z,Room 2.12,0
2025-11-18T15:40:10.000Z,Room 2.12,0
2025-11-18T16:00:07.000Z,Room 2.12,0
2025-11-18T16:20:07.000Z,Room 2.12,0
2025-11-18T16:40:07.000Z,Room 2.12,0
2025-11-18T17:00:07.000Z,Room 2.12,0
2025-11-18T17:20:08.000Z,Room 2.12,0
2025-11-18T17:40:07.000Z,Room 2.12,0
2025-11-18T18:00:07.000Z,Room 2.12,0
2025-11-18T18:20:07.000Z,Room 2.12,0
2025-11-18T18:40:08.000Z,Room 2.12,0
2025-11-19T08:00:07.000Z,Room 2.12,0
2025-11-19T08:20:07.000Z,Room 2.12,1
2025-11-19T09:00:07.000Z,Room 2.12,43
2025-11-19T09:20:07.000Z,Room 2.12,100
2025-11-19T10:00:07.000Z,Room 2.12,91
2025-11-19T10:20:07.000Z,Room 2.12,99
2025-11-19T10:40:08.000Z,Room 2.12,104
2025-11-19T11:00:07.000Z,Room 2.12,83
2025-11-19T11:20:07.000Z,Room 2.12,100
2025-11-19T11:40:08.000Z,Room 2.12,94
2025-11-19T12:00:07.000Z,Room 2.12,26
2025-11-19T12:20:07.000Z,Room 2.12,43
2025-11-19T12:40:07.000Z,Room 2.12,43
2025-11-19T13:00:08.000Z,Room 2.12,38
2025-11-19T13:20:07.000Z,Room 2.12,57
2025-11-19T13:40:07.000Z,Room 2.12,54
2025-11-19T14:00:07.000Z,Room 2.12,58
2025-11-19T14:20:07.000Z,Room 2.12,61
2025-11-19T14:40:07.000Z,Room 2.12,55
2025-11-19T15:00:07.000Z,Room 2.12,35
2025-11-19T15:20:07.000Z,Room 2.12,69
2025-11-19T15:40:07.000Z,Room 2.12,70
2025-11-19T16:00:07.000Z,Room 2.12,71
2025-11-19T16:20:07.000Z,Room 2.12,71
2025-11-19T16:40:07.000Z,Room 2.12,48
2025-11-19T17:00:07.000Z,Room 2.12,6
2025-11-19T17:20:08.000Z,Room 2.12,0
2025-11-19T17:40:07.000Z,Room 2.12,0
2025-11-19T18:00:07.000Z,Room 2.12,0
2025-11-19T18:20:07.000Z,Room 2.12,0
2025-11-19T18:40:08.000Z,Room 2.12,0
2025-11-20T08:00:07.000Z,Room 2.12,0
2025-11-20T08:20:08.000Z,Room 2.12,2
2025-11-20T08:40:07.000Z,Room 2.12,12
2025-11-20T09:00:07.000Z,Room 2.12,41
2025-11-20T09:40:08.000Z,Room 2.12,95
2025-11-20T10:00:07.000Z,Room 2.12,95
2025-11-20T10:20:08.000Z,Room 2.12,43
2025-11-20T10:40:07.000Z,Room 2.12,102
2025-11-20T11:00:07.000Z,Room 2.12,96
2025-11-20T11:20:07.000Z,Room 2.12,63
2025-11-20T11:40:07.000Z,Room 2.12,87
2025-11-20T12:00:07.000Z,Room 2.12,88
2025-11-20T12:20:07.000Z,Room 2.12,41
2025-11-20T12:40:07.000Z,Room 2.12,48
2025-11-20T13:00:07.000Z,Room 2.12,42
2025-11-20T13:20:07.000Z,Room 2.12,82
2025-11-20T13:40:07.000Z,Room 2.12,80
2025-11-20T14:00:08.000Z,Room 2.12,74
2025-11-20T14:20:07.000Z,Room 2.12,44
2025-11-20T14:40:07.000Z,Room 2.12,70
2025-11-20T15:00:07.000Z,Room 2.12,68
2025-11-20T15:20:08.000Z,Room 2.12,37
2025-11-20T15:40:07.000Z,Room 2.12,60
2025-11-20T16:00:07.000Z,Room 2.12,6
2025-11-20T16:20:07.000Z,Room 2.12,0
2025-11-20T16:40:07.000Z,Room 2.12,0
2025-11-20T17:00:09.000Z,Room 2.12,0
2025-11-20T17:20:06.000Z,Room 2.12,0
2025-11-20T17:40:08.000Z,Room 2.12,0
2025-11-20T18:00:08.000Z,Room 2.12,0
2025-11-20T18:20:07.000Z,Room 2.12,1
2025-11-20T18:40:07.000Z,Room 2.12,0
2025-11-21T08:00:08.000Z,Room 2.12,0
2025-11-21T08:20:07.000Z,Room 2.12,3
2025-11-21T08:40:07.000Z,Room 2.12,22
2025-11-21T09:00:07.000Z,Room 2.12,59
2025-11-21T09:20:07.000Z,Room 2.12,112
2025-11-21T09:40:07.000Z,Room 2.12,108
2025-11-21T10:00:07.000Z,Room 2.12,107
2025-11-21T10:20:07.000Z,Room 2.12,73
2025-11-21T10:40:07.000Z,Room 2.12,100
2025-11-21T11:00:07.000Z,Room 2.12,104
2025-11-21T11:20:07.000Z,Room 2.12,76
2025-11-21T11:40:07.000Z,Room 2.12,76
2025-11-21T12:00:07.000Z,Room 2.12,89
2025-11-21T12:20:07.000Z,Room 2.12,42
2025-11-21T12:40:07.000Z,Room 2.12,39
2025-11-21T13:00:07.000Z,Room 2.12,49
2025-11-21T13:20:04.000Z,Room 2.12,0
2025-11-21T14:00:10.000Z,Room 2.12,91
2025-11-21T14:20:08.000Z,Room 2.12,81
2025-11-21T14:40:07.000Z,Room 2.12,80
2025-11-21T15:00:07.000Z,Room 2.12,83
2025-11-21T15:20:07.000Z,Room 2.12,58
2025-11-21T15:40:07.000Z,Room 2.12,70
2025-11-21T16:00:07.000Z,Room 2.12,69
2025-11-21T16:20:08.000Z,Room 2.12,0
2025-11-21T16:40:07.000Z,Room 2.12,0
2025-11-21T17:00:07.000Z,Room 2.12,1
2025-11-21T17:20:07.000Z,Room 2.12,0
2025-11-21T17:40:07.000Z,Room 2.12,0
2025-11-21T18:00:07.000Z,Room 2.12,0
2025-11-21T18:20:07.000Z,Room 2.12,1
2025-11-21T18:40:07.000Z,Room 2.12,0
2025-11-24T08:00:07.000Z,Room 2.12,0
2025-11-24T08:20:07.000Z,Room 2.12,0
2025-11-24T08:40:07.000Z,Room 2.12,1
2025-11-24T09:00:07.000Z,Room 2.12,8
2025-11-24T09:20:08.000Z,Room 2.12,11
2025-11-24T09:40:07.000Z,Room 2.12,13
2025-11-24T10:00:07.000Z,Room 2.12,14
2025-11-24T10:20:08.000Z,Room 2.12,13
2025-11-24T10:40:07.000Z,Room 2.12,13
2025-11-24T11:00:07.000Z,Room 2.12,20
2025-11-24T11:40:08.000Z,Room 2.12,44
2025-11-24T12:00:08.000Z,Room 2.12,44
2025-11-24T12:20:07.000Z,Room 2.12,45
2025-11-24T12:40:07.000Z,Room 2.12,40
2025-11-24T13:00:07.000Z,Room 2.12,28
2025-11-24T13:40:07.000Z,Room 2.12,26
2025-11-24T14:00:07.000Z,Room 2.12,23
2025-11-24T14:20:07.000Z,Room 2.12,37
2025-11-24T14:40:08.000Z,Room 2.12,40
2025-11-24T15:00:07.000Z,Room 2.12,39
2025-11-24T15:40:07.000Z,Room 2.12,40
2025-11-24T16:00:07.000Z,Room 2.12,45
2025-11-24T16:20:07.000Z,Room 2.12,34
2025-11-24T16:40:08.000Z,Room 2.12,37
2025-11-24T17:00:07.000Z,Room 2.12,7
2025-11-24T17:20:07.000Z,Room 2.12,0
2025-11-24T17:40:08.000Z,Room 2.12,0
2025-11-24T18:00:07.000Z,Room 2.12,1
2025-11-24T18:20:07.000Z,Room 2.12,0
2025-11-24T18:40:07.000Z,Room 2.12,0
2025-11-25T08:00:07.000Z,Room 2.12,0
2025-11-25T08:20:08.000Z,Room 2.12,1
2025-11-25T08:40:07.000Z,Room 2.12,15
2025-11-25T09:00:07.000Z,Room 2.12,37
2025-11-25T09:20:07.000Z,Room 2.12,77
2025-11-25T09:40:08.000Z,Room 2.12,89
2025-11-25T10:00:07.000Z,Room 2.12,64
2025-11-25T10:20:08.000Z,Room 2.12,76
2025-11-25T10:40:07.000Z,Room 2.12,74
2025-11-25T11:00:08.000Z,Room 2.12,88
2025-11-25T11:20:07.000Z,Room 2.12,78
2025-11-25T11:40:07.000Z,Room 2.12,85
2025-11-25T12:00:07.000Z,Room 2.12,27
2025-11-25T12:20:08.000Z,Room 2.12,19
2025-11-25T12:40:07.000Z,Room 2.12,18
2025-11-25T13:00:07.000Z,Room 2.12,15
2025-11-25T13:20:07.000Z,Room 2.12,5
2025-11-25T13:40:07.000Z,Room 2.12,5
2025-11-25T14:00:07.000Z,Room 2.12,5
2025-11-25T14:20:07.000Z,Room 2.12,5
2025-11-25T14:40:07.000Z,Room 2.12,5
2025-11-25T15:00:07.000Z,Room 2.12,3
2025-11-25T15:20:07.000Z,Room 2.12,2
2025-11-25T15:40:07.000Z,Room 2.12,0
2025-11-25T16:00:07.000Z,Room 2.12,0
2025-11-25T16:20:07.000Z,Room 2.12,0
2025-11-25T16:40:07.000Z,Room 2.12,0
2025-11-25T17:00:07.000Z,Room 2.12,0
2025-11-25T17:20:08.000Z,Room 2.12,0
2025-11-25T17:40:07.000Z,Room 2.12,1
2025-11-25T18:00:07.000Z,Room 2.12,0
2025-11-25T18:20:07.000Z,Room 2.12,1
2025-11-25T18:40:07.000Z,Room 2.12,0
2025-11-26T08:00:07.000Z,Room 2.12,0
2025-11-26T08:20:05.000Z,Room 2.12,0
2025-11-26T09:00:10.000Z,Room 2.12,25
2025-11-26T09:20:07.000Z,Room 2.12,48
2025-11-26T10:00:08.000Z,Room 2.12,37
2025-11-26T10:20:08.000Z,Room 2.12,45
2025-11-26T10:40:07.000Z,Room 2.12,45
2025-11-26T11:00:07.000Z,Room 2.12,45
2025-11-26T11:20:07.000Z,Room 2.12,42
2025-11-26T11:40:07.000Z,Room 2.12,24
2025-11-26T12:00:07.000Z,Room 2.12,12
2025-11-26T12:20:05.000Z,Room 2.12,0
2025-11-26T13:00:10.000Z,Room 2.12,36
2025-11-26T13:40:07.000Z,Room 2.12,32
2025-11-26T14:00:08.000Z,Room 2.12,48
2025-11-26T14:20:07.000Z,Room 2.12,72
2025-11-26T14:40:09.000Z,Room 2.12,76
2025-11-26T15:00:07.000Z,Room 2.12,68
2025-11-26T15:20:08.000Z,Room 2.12,77
2025-11-26T15:40:07.000Z,Room 2.12,45
2025-11-26T16:00:07.000Z,Room 2.12,70
2025-11-26T16:20:08.000Z,Room 2.12,79
2025-11-26T16:40:07.000Z,Room 2.12,30
2025-11-26T17:00:08.000Z,Room 2.12,0
2025-11-26T17:20:07.000Z,Room 2.12,0
2025-11-26T17:40:07.000Z,Room 2.12,0
2025-11-26T18:00:07.000Z,Room 2.12,0
2025-11-26T18:20:07.000Z,Room 2.12,0
2025-11-26T18:40:07.000Z,Room 2.12,0
2025-11-27T08:00:07.000Z,Room 2.12,0
2025-11-27T08:20:07.000Z,Room 2.12,2
2025-11-27T08:40:07.000Z,Room 2.12,9
2025-11-27T09:00:05.000Z,Room 2.12,0
2025-11-27T09:40:11.000Z,Room 2.12,78
2025-11-27T10:00:07.000Z,Room 2.12,70
2025-11-27T10:20:07.000Z,Room 2.12,41
2025-11-27T10:40:07.000Z,Room 2.12,68
2025-11-27T11:00:07.000Z,Room 2.12,71
2025-11-27T11:20:07.000Z,Room 2.12,68
2025-11-27T11:40:07.000Z,Room 2.12,61
2025-11-27T12:00:07.000Z,Room 2.12,63
2025-11-27T12:20:08.000Z,Room 2.12,46
2025-11-27T12:40:07.000Z,Room 2.12,43
2025-11-27T13:00:07.000Z,Room 2.12,50
2025-11-27T13:20:07.000Z,Room 2.12,47
2025-11-27T13:40:07.000Z,Room 2.12,61
2025-11-27T14:00:07.000Z,Room 2.12,57
2025-11-27T14:20:07.000Z,Room 2.12,53
2025-11-27T14:40:07.000Z,Room 2.12,53
2025-11-27T15:00:08.000Z,Room 2.12,54
2025-11-27T15:20:09.000Z,Room 2.12,35
2025-11-27T15:40:07.000Z,Room 2.12,33
2025-11-27T16:00:07.000Z,Room 2.12,15
2025-11-27T16:20:07.000Z,Room 2.12,0
2025-11-27T16:40:07.000Z,Room 2.12,0
2025-11-27T17:00:07.000Z,Room 2.12,1
2025-11-27T17:20:07.000Z,Room 2.12,0
2025-11-27T17:40:07.000Z,Room 2.12,0
2025-11-27T18:00:08.000Z,Room 2.12,0
2025-11-27T18:20:07.000Z,Room 2.12,0
2025-11-27T18:40:07.000Z,Room 2.12,0
2025-11-28T08:00:08.000Z,Room 2.12,0
2025-11-28T08:20:07.000Z,Room 2.12,5
2025-11-28T08:40:07.000Z,Room 2.12,17
2025-11-28T09:00:08.000Z,Room 2.12,45
2025-11-28T09:20:07.000Z,Room 2.12,101
2025-11-28T09:40:07.000Z,Room 2.12,113
2025-11-28T10:00:07.000Z,Room 2.12,111
2025-11-28T10:20:07.000Z,Room 2.12,121
2025-11-28T10:40:08.000Z,Room 2.12,112
2025-11-28T11:00:07.000Z,Room 2.12,110
2025-11-28T11:20:07.000Z,Room 2.12,108
2025-11-28T11:40:08.000Z,Room 2.12,114
2025-11-28T12:00:07.000Z,Room 2.12,110
2025-11-28T12:20:08.000Z,Room 2.12,50
2025-11-28T13:00:07.000Z,Room 2.12,51
2025-11-28T13:20:07.000Z,Room 2.12,81
2025-11-28T13:40:07.000Z,Room 2.12,90
2025-11-28T14:00:07.000Z,Room 2.12,64
2025-11-28T14:20:07.000Z,Room 2.12,76
2025-11-28T14:40:07.000Z,Room 2.12,73
2025-11-28T15:00:08.000Z,Room 2.12,75
2025-11-28T15:20:07.000Z,Room 2.12,49
2025-11-28T15:40:07.000Z,Room 2.12,68
2025-11-28T16:00:07.000Z,Room 2.12,13
2025-11-28T16:20:07.000Z,Room 2.12,0
2025-11-28T16:40:07.000Z,Room 2.12,0
2025-11-28T17:00:08.000Z,Room 2.12,1
2025-11-28T17:20:08.000Z,Room 2.12,0
2025-11-28T17:40:07.000Z,Room 2.12,0
2025-11-28T18:00:07.000Z,Room 2.12,0
2025-11-28T18:20:08.000Z,Room 2.12,1
2025-11-28T18:40:07.000Z,Room 2.12,0
2025-12-01T08:00:07.000Z,Room 2.12,0
2025-12-01T08:20:07.000Z,Room 2.12,1
2025-12-01T08:40:07.000Z,Room 2.12,1
2025-12-01T09:00:05.000Z,Room 2.12,0
2025-12-01T09:40:11.000Z,Room 2.12,1
2025-12-01T10:00:07.000Z,Room 2.12,2
2025-12-01T10:20:08.000Z,Room 2.12,6
2025-12-01T10:40:07.000Z,Room 2.12,17
2025-12-01T11:00:07.000Z,Room 2.12,19
2025-12-01T11:20:07.000Z,Room 2.12,36
2025-12-01T11:40:07.000Z,Room 2.12,34
2025-12-01T12:00:07.000Z,Room 2.12,37
2025-12-01T12:20:07.000Z,Room 2.12,40
2025-12-01T12:40:07.000Z,Room 2.12,34
2025-12-01T13:00:08.000Z,Room 2.12,33
2025-12-01T13:20:07.000Z,Room 2.12,21
2025-12-01T13:40:07.000Z,Room 2.12,13
2025-12-01T14:00:08.000Z,Room 2.12,29
2025-12-01T14:20:08.000Z,Room 2.12,43
2025-12-01T14:40:07.000Z,Room 2.12,41
2025-12-01T15:00:07.000Z,Room 2.12,42
2025-12-01T15:20:08.000Z,Room 2.12,41
2025-12-01T15:40:07.000Z,Room 2.12,44
2025-12-01T16:00:07.000Z,Room 2.12,40
2025-12-01T16:20:07.000Z,Room 2.12,37
2025-12-01T16:40:08.000Z,Room 2.12,43
2025-12-01T17:00:07.000Z,Room 2.12,12
2025-12-01T17:20:07.000Z,Room 2.12,2
2025-12-01T17:40:07.000Z,Room 2.12,2
2025-12-01T18:00:07.000Z,Room 2.12,2
2025-12-01T18:20:07.000Z,Room 2.12,0
2025-12-01T18:40:07.000Z,Room 2.12,1
2025-12-02T08:00:07.000Z,Room 2.12,0
2025-12-02T08:20:07.000Z,Room 2.12,3
2025-12-02T08:40:07.000Z,Room 2.12,3
2025-12-02T09:00:07.000Z,Room 2.12,4
2025-12-02T09:20:07.000Z,Room 2.12,44
2025-12-02T09:40:08.000Z,Room 2.12,38
2025-12-02T10:20:07.000Z,Room 2.12,44
2025-12-02T10:40:07.000Z,Room 2.12,43
2025-12-02T11:00:07.000Z,Room 2.12,44
2025-12-02T11:20:07.000Z,Room 2.12,35
2025-12-02T11:40:08.000Z,Room 2.12,35
2025-12-02T12:00:07.000Z,Room 2.12,30
2025-12-02T12:20:07.000Z,Room 2.12,30
2025-12-02T12:40:07.000Z,Room 2.12,27
2025-12-02T13:00:07.000Z,Room 2.12,20
2025-12-02T13:20:07.000Z,Room 2.12,35
2025-12-02T13:40:07.000Z,Room 2.12,39
2025-12-02T14:00:08.000Z,Room 2.12,42
2025-12-02T14:20:08.000Z,Room 2.12,43
2025-12-02T14:40:07.000Z,Room 2.12,41
2025-12-02T15:00:07.000Z,Room 2.12,41
2025-12-02T15:20:07.000Z,Room 2.12,41
2025-12-02T15:40:07.000Z,Room 2.12,5
2025-12-02T16:00:07.000Z,Room 2.12,0
2025-12-02T16:20:07.000Z,Room 2.12,0
2025-12-02T16:40:07.000Z,Room 2.12,0
2025-12-02T17:00:07.000Z,Room 2.12,1
2025-12-02T17:20:07.000Z,Room 2.12,1
2025-12-02T17:40:08.000Z,Room 2.12,1
2025-12-02T18:00:07.000Z,Room 2.12,0
2025-12-02T18:20:07.000Z,Room 2.12,0
2025-12-02T18:40:07.000Z,Room 2.12,0
2025-12-03T08:00:07.000Z,Room 2.12,0
2025-12-03T08:20:07.000Z,Room 2.12,3
2025-12-03T08:40:08.000Z,Room 2.12,21
2025-12-03T09:00:07.000Z,Room 2.12,40
2025-12-03T09:20:07.000Z,Room 2.12,71
2025-12-03T09:40:07.000Z,Room 2.12,73
2025-12-03T10:00:07.000Z,Room 2.12,54
2025-12-03T10:20:07.000Z,Room 2.12,76
2025-12-03T10:40:08.000Z,Room 2.12,73
2025-12-03T11:00:07.000Z,Room 2.12,75
2025-12-03T11:20:08.000Z,Room 2.12,56
2025-12-03T11:40:07.000Z,Room 2.12,68
2025-12-03T12:00:07.000Z,Room 2.12,34
2025-12-03T12:20:07.000Z,Room 2.12,37
2025-12-03T12:40:07.000Z,Room 2.12,30
2025-12-03T13:00:08.000Z,Room 2.12,26
2025-12-03T13:20:08.000Z,Room 2.12,41
2025-12-03T13:40:05.000Z,Room 2.12,0
2025-12-03T14:20:10.000Z,Room 2.12,46
2025-12-03T14:40:07.000Z,Room 2.12,35
2025-12-03T15:00:07.000Z,Room 2.12,26
2025-12-03T15:20:07.000Z,Room 2.12,10
2025-12-03T15:40:08.000Z,Room 2.12,0
2025-12-03T16:00:07.000Z,Room 2.12,0
2025-12-03T16:20:08.000Z,Room 2.12,0
2025-12-03T16:40:07.000Z,Room 2.12,0
2025-12-03T17:00:07.000Z,Room 2.12,0
2025-12-03T17:20:07.000Z,Room 2.12,0
2025-12-03T17:40:07.000Z,Room 2.12,0
2025-12-03T18:00:07.000Z,Room 2.12,0
2025-12-03T18:20:07.000Z,Room 2.12,0
2025-12-03T18:40:08.000Z,Room 2.12,1
2025-12-04T08:00:07.000Z,Room 2.12,0
2025-12-04T08:20:07.000Z,Room 2.12,3
2025-12-04T08:40:07.000Z,Room 2.12,11
2025-12-04T09:00:07.000Z,Room 2.12,46
2025-12-04T09:20:08.000Z,Room 2.12,97
2025-12-04T09:40:07.000Z,Room 2.12,94
2025-12-04T10:00:07.000Z,Room 2.12,99
2025-12-04T10:20:07.000Z,Room 2.12,57
2025-12-04T10:40:07.000Z,Room 2.12,93
2025-12-04T11:00:08.000Z,Room 2.12,79
2025-12-04T11:20:08.000Z,Room 2.12,63
2025-12-04T11:40:07.000Z,Room 2.12,91
2025-12-04T12:00:08.000Z,Room 2.12,88
2025-12-04T12:20:07.000Z,Room 2.12,61
2025-12-04T12:40:08.000Z,Room 2.12,41
2025-12-04T13:00:07.000Z,Room 2.12,57
2025-12-04T13:20:07.000Z,Room 2.12,58
2025-12-04T13:40:08.000Z,Room 2.12,53
2025-12-04T14:00:07.000Z,Room 2.12,56
2025-12-04T14:20:07.000Z,Room 2.12,54
2025-12-04T14:40:07.000Z,Room 2.12,50
2025-12-04T15:00:08.000Z,Room 2.12,1
2025-12-04T15:20:07.000Z,Room 2.12,0
2025-12-04T15:40:07.000Z,Room 2.12,0
2025-12-04T16:00:07.000Z,Room 2.12,0
2025-12-04T16:20:07.000Z,Room 2.12,0
2025-12-04T16:40:07.000Z,Room 2.12,0
2025-12-04T17:00:07.000Z,Room 2.12,0
2025-12-04T17:20:07.000Z,Room 2.12,0
2025-12-04T17:40:07.000Z,Room 2.12,0
2025-12-04T18:00:08.000Z,Room 2.12,1
2025-12-04T18:40:11.000Z,Room 2.12,1
2025-12-05T08:00:05.000Z,Room 2.12,0
2025-12-05T08:40:10.000Z,Room 2.12,19
2025-12-05T09:00:07.000Z,Room 2.12,49
2025-12-05T09:20:07.000Z,Room 2.12,111
2025-12-05T09:40:07.000Z,Room 2.12,119
2025-12-05T10:00:07.000Z,Room 2.12,120
2025-12-05T10:20:07.000Z,Room 2.12,114
2025-12-05T10:40:07.000Z,Room 2.12,115
2025-12-05T11:00:07.000Z,Room 2.12,49
2025-12-05T11:20:07.000Z,Room 2.12,106
2025-12-05T11:40:07.000Z,Room 2.12,90
2025-12-05T12:00:08.000Z,Room 2.12,54
2025-12-05T12:20:07.000Z,Room 2.12,55
2025-12-05T12:40:08.000Z,Room 2.12,51
2025-12-05T13:00:07.000Z,Room 2.12,51
2025-12-05T13:20:08.000Z,Room 2.12,80
2025-12-05T13:40:07.000Z,Room 2.12,81
2025-12-05T14:00:07.000Z,Room 2.12,66
2025-12-05T14:20:08.000Z,Room 2.12,64
2025-12-05T14:40:07.000Z,Room 2.12,76
2025-12-05T15:00:06.000Z,Room 2.12,45
2025-12-05T15:20:07.000Z,Room 2.12,70
2025-12-05T15:40:07.000Z,Room 2.12,59
2025-12-05T16:00:07.000Z,Room 2.12,9
2025-12-05T16:20:07.000Z,Room 2.12,0
2025-12-05T16:40:07.000Z,Room 2.12,0
2025-12-05T17:00:07.000Z,Room 2.12,0
2025-12-05T17:20:07.000Z,Room 2.12,1
2025-12-05T17:40:07.000Z,Room 2.12,0
2025-12-05T18:00:08.000Z,Room 2.12,0
2025-12-05T18:20:09.000Z,Room 2.12,0
2025-12-05T18:40:09.000Z,Room 2.12,1
2025-12-08T08:00:07.000Z,Room 2.12,0
2025-12-08T08:20:08.000Z,Room 2.12,0
2025-12-08T08:40:08.000Z,Room 2.12,0
2025-12-08T09:00:08.000Z,Room 2.12,0
2025-12-08T09:20:07.000Z,Room 2.12,0
2025-12-08T09:40:07.000Z,Room 2.12,0
2025-12-08T10:00:05.000Z,Room 2.12,0
2025-12-08T10:40:10.000Z,Room 2.12,0
2025-12-08T11:00:07.000Z,Room 2.12,0
2025-12-08T11:20:07.000Z,Room 2.12,0
2025-12-08T11:40:07.000Z,Room 2.12,0
2025-12-08T12:00:07.000Z,Room 2.12,0
2025-12-08T12:20:07.000Z,Room 2.12,0
2025-12-08T12:40:08.000Z,Room 2.12,0
2025-12-08T13:00:07.000Z,Room 2.12,0
2025-12-08T13:20:07.000Z,Room 2.12,0
2025-12-08T13:40:07.000Z,Room 2.12,0
2025-12-08T14:00:07.000Z,Room 2.12,0
2025-12-08T14:20:07.000Z,Room 2.12,0
2025-12-08T14:40:09.000Z,Room 2.12,0
2025-12-08T15:00:07.000Z,Room 2.12,0
2025-12-08T15:20:09.000Z,Room 2.12,0
2025-12-08T15:40:07.000Z,Room 2.12,0
2025-12-08T16:00:07.000Z,Room 2.12,0
2025-12-08T16:20:07.000Z,Room 2.12,0
2025-12-08T16:40:07.000Z,Room 2.12,0
2025-12-08T17:00:07.000Z,Room 2.12,0
2025-12-08T17:20:07.000Z,Room 2.12,0
2025-12-08T17:40:07.000Z,Room 2.12,1
2025-12-08T18:00:07.000Z,Room 2.12,0
2025-12-08T18:20:07.000Z,Room 2.12,0
2025-12-08T18:40:07.000Z,Room 2.12,0
2025-12-09T08:00:07.000Z,Room 2.12,0
2025-12-09T08:20:07.000Z,Room 2.12,0
2025-12-09T08:40:07.000Z,Room 2.12,0
2025-12-09T09:00:07.000Z,Room 2.12,0
2025-12-09T09:20:07.000Z,Room 2.12,0
2025-12-09T09:40:08.000Z,Room 2.12,0
2025-12-09T10:00:07.000Z,Room 2.12,0
2025-12-09T10:20:07.000Z,Room 2.12,0
2025-12-09T10:40:07.000Z,Room 2.12,0
2025-12-09T11:00:07.000Z,Room 2.12,0
2025-12-09T11:20:07.000Z,Room 2.12,0
2025-12-09T11:40:08.000Z,Room 2.12,0
2025-12-09T12:00:07.000Z,Room 2.12,0
2025-12-09T12:20:07.000Z,Room 2.12,0
2025-12-09T13:00:07.000Z,Room 2.12,0
2025-12-09T13:20:07.000Z,Room 2.12,5
2025-12-09T13:40:07.000Z,Room 2.12,4
2025-12-09T14:00:08.000Z,Room 2.12,4
2025-12-09T14:20:07.000Z,Room 2.12,4
2025-12-09T14:40:07.000Z,Room 2.12,2
2025-12-09T15:20:07.000Z,Room 2.12,0
2025-12-09T15:40:07.000Z,Room 2.12,0
2025-12-09T16:00:07.000Z,Room 2.12,3
2025-12-09T16:20:07.000Z,Room 2.12,5
2025-12-09T16:40:07.000Z,Room 2.12,0
2025-12-09T17:00:07.000Z,Room 2.12,0
2025-12-09T17:20:07.000Z,Room 2.12,0
2025-12-09T17:40:07.000Z,Room 2.12,0
2025-12-09T18:00:07.000Z,Room 2.12,0
2025-12-09T18:20:07.000Z,Room 2.12,0
2025-12-09T18:40:07.000Z,Room 2.12,0
2025-12-10T08:00:07.000Z,Room 2.12,0
2025-12-10T08:20:08.000Z,Room 2.12,1
2025-12-10T08:40:07.000Z,Room 2.12,8
2025-12-10T09:00:07.000Z,Room 2.12,35
2025-12-10T09:20:07.000Z,Room 2.12,50
2025-12-10T09:40:07.000Z,Room 2.12,56
2025-12-10T10:00:07.000Z,Room 2.12,42
2025-12-10T10:20:05.000Z,Room 2.12,0
2025-12-10T11:00:10.000Z,Room 2.12,54
2025-12-10T11:20:07.000Z,Room 2.12,52
2025-12-10T11:40:07.000Z,Room 2.12,49
2025-12-10T12:00:07.000Z,Room 2.12,37
2025-12-10T12:20:08.000Z,Room 2.12,33
2025-12-10T12:40:07.000Z,Room 2.12,37
2025-12-10T13:00:08.000Z,Room 2.12,21
2025-12-10T13:20:07.000Z,Room 2.12,31
2025-12-10T13:40:08.000Z,Room 2.12,26
2025-12-10T14:00:07.000Z,Room 2.12,32
2025-12-10T14:20:07.000Z,Room 2.12,35
2025-12-10T14:40:07.000Z,Room 2.12,31
2025-12-10T15:00:08.000Z,Room 2.12,0
2025-12-10T15:20:08.000Z,Room 2.12,0
2025-12-10T15:40:07.000Z,Room 2.12,0
2025-12-10T16:00:07.000Z,Room 2.12,0
2025-12-10T16:20:07.000Z,Room 2.12,0
2025-12-10T16:40:07.000Z,Room 2.12,0
2025-12-10T17:00:07.000Z,Room 2.12,0
2025-12-10T17:20:07.000Z,Room 2.12,0
2025-12-10T17:40:07.000Z,Room 2.12,0
2025-12-10T18:00:07.000Z,Room 2.12,0
2025-12-10T18:20:07.000Z,Room 2.12,0
2025-12-10T18:40:08.000Z,Room 2.12,0
2025-12-11T08:00:08.000Z,Room 2.12,0
2025-12-11T08:20:07.000Z,Room 2.12,2
2025-12-11T08:40:07.000Z,Room 2.12,19
2025-12-11T09:00:07.000Z,Room 2.12,43
2025-12-11T09:20:07.000Z,Room 2.12,69
2025-12-11T09:40:07.000Z,Room 2.12,64
2025-12-11T10:00:08.000Z,Room 2.12,76
2025-12-11T10:20:07.000Z,Room 2.12,59
2025-12-11T10:40:07.000Z,Room 2.12,76
2025-12-11T11:00:07.000Z,Room 2.12,68
2025-12-11T11:20:07.000Z,Room 2.12,59
2025-12-11T11:40:07.000Z,Room 2.12,70
2025-12-11T12:00:07.000Z,Room 2.12,45
2025-12-11T12:20:08.000Z,Room 2.12,48
2025-12-11T12:40:07.000Z,Room 2.12,42
2025-12-11T13:00:07.000Z,Room 2.12,38
2025-12-11T13:20:07.000Z,Room 2.12,48
2025-12-11T13:40:07.000Z,Room 2.12,61
2025-12-11T14:00:07.000Z,Room 2.12,54
2025-12-11T14:20:07.000Z,Room 2.12,39
2025-12-11T14:40:07.000Z,Room 2.12,50
2025-12-11T15:00:07.000Z,Room 2.12,50
2025-12-11T15:20:07.000Z,Room 2.12,44
2025-12-11T15:40:08.000Z,Room 2.12,19
2025-12-11T16:00:07.000Z,Room 2.12,9
2025-12-11T16:20:07.000Z,Room 2.12,0
2025-12-11T16:40:07.000Z,Room 2.12,0
2025-12-11T17:00:07.000Z,Room 2.12,0
2025-12-11T17:20:07.000Z,Room 2.12,0
2025-12-11T17:40:07.000Z,Room 2.12,0
2025-12-11T18:00:07.000Z,Room 2.12,0
2025-12-11T18:20:07.000Z,Room 2.12,0
2025-12-11T18:40:07.000Z,Room 2.12,0
2025-12-12T08:00:07.000Z,Room 2.12,0
2025-12-12T08:20:08.000Z,Room 2.12,1
2025-12-12T08:40:07.000Z,Room 2.12,7
2025-12-12T09:00:08.000Z,Room 2.12,31
2025-12-12T09:20:07.000Z,Room 2.12,88
2025-12-12T09:40:07.000Z,Room 2.12,89
2025-12-12T10:00:08.000Z,Room 2.12,77
2025-12-12T10:20:07.000Z,Room 2.12,77
2025-12-12T10:40:07.000Z,Room 2.12,82
2025-12-12T11:00:08.000Z,Room 2.12,77
2025-12-12T11:20:08.000Z,Room 2.12,55
2025-12-12T11:40:07.000Z,Room 2.12,80
2025-12-12T12:00:07.000Z,Room 2.12,30
2025-12-12T12:20:07.000Z,Room 2.12,39
2025-12-12T12:40:07.000Z,Room 2.12,38
2025-12-12T13:00:07.000Z,Room 2.12,47
2025-12-12T13:20:08.000Z,Room 2.12,76
2025-12-12T13:40:07.000Z,Room 2.12,63
2025-12-12T14:00:08.000Z,Room 2.12,64
2025-12-12T14:20:07.000Z,Room 2.12,57
2025-12-12T14:40:08.000Z,Room 2.12,63
2025-12-12T15:00:07.000Z,Room 2.12,62
2025-12-12T15:20:07.000Z,Room 2.12,64
2025-12-12T15:40:08.000Z,Room 2.12,60
2025-12-12T16:00:07.000Z,Room 2.12,64
2025-12-12T16:20:08.000Z,Room 2.12,0
2025-12-12T16:40:07.000Z,Room 2.12,0
2025-12-12T17:00:07.000Z,Room 2.12,0
2025-12-12T17:20:08.000Z,Room 2.12,0
2025-12-12T17:40:08.000Z,Room 2.12,0
2025-12-12T18:00:07.000Z,Room 2.12,0
2025-12-12T18:20:07.000Z,Room 2.12,0
2025-12-12T18:40:07.000Z,Room 2.12,0
2025-12-15T08:00:07.000Z,Room 2.12,0
2025-12-15T08:20:07.000Z,Room 2.12,1
2025-12-15T08:40:07.000Z,Room 2.12,3
2025-12-15T09:00:08.000Z,Room 2.12,12
2025-12-15T09:20:07.000Z,Room 2.12,34
2025-12-15T09:40:07.000Z,Room 2.12,33
2025-12-15T10:00:07.000Z,Room 2.12,30
2025-12-15T10:20:07.000Z,Room 2.12,36
2025-12-15T10:40:08.000Z,Room 2.12,35
2025-12-15T11:00:08.000Z,Room 2.12,27
2025-12-15T11:20:07.000Z,Room 2.12,36
2025-12-15T11:40:07.000Z,Room 2.12,34
2025-12-15T12:00:07.000Z,Room 2.12,30
2025-12-15T12:20:07.000Z,Room 2.12,15
2025-12-15T12:40:07.000Z,Room 2.12,21
2025-12-15T13:00:07.000Z,Room 2.12,21
2025-12-15T13:20:08.000Z,Room 2.12,23
2025-12-15T13:40:08.000Z,Room 2.12,28
2025-12-15T14:00:07.000Z,Room 2.12,41
2025-12-15T14:20:07.000Z,Room 2.12,53
2025-12-15T14:40:07.000Z,Room 2.12,60
2025-12-15T15:00:07.000Z,Room 2.12,54
2025-12-15T15:20:07.000Z,Room 2.12,55
2025-12-15T15:40:07.000Z,Room 2.12,42
2025-12-15T16:00:07.000Z,Room 2.12,64
2025-12-15T16:20:07.000Z,Room 2.12,57
2025-12-15T16:40:07.000Z,Room 2.12,58
2025-12-15T17:00:07.000Z,Room 2.12,23
2025-12-15T17:20:07.000Z,Room 2.12,0
2025-12-15T17:40:07.000Z,Room 2.12,0
2025-12-15T18:00:08.000Z,Room 2.12,0
2025-12-15T18:20:07.000Z,Room 2.12,0
2025-12-15T18:40:07.000Z,Room 2.12,0
2025-12-16T08:00:08.000Z,Room 2.12,0
2025-12-16T08:20:09.000Z,Room 2.12,0
2025-12-16T08:40:07.000Z,Room 2.12,0
2025-12-16T09:00:07.000Z,Room 2.12,0
2025-12-16T09:20:08.000Z,Room 2.12,0
2025-12-16T09:40:07.000Z,Room 2.12,0
2025-12-16T10:00:07.000Z,Room 2.12,0
2025-12-16T10:20:07.000Z,Room 2.12,0
2025-12-16T10:40:07.000Z,Room 2.12,0
2025-12-16T11:00:07.000Z,Room 2.12,0
2025-12-16T11:20:07.000Z,Room 2.12,0
2025-12-16T11:40:08.000Z,Room 2.12,0
2025-12-16T12:00:07.000Z,Room 2.12,0
2025-12-16T12:20:05.000Z,Room 2.12,0
2025-12-16T13:00:10.000Z,Room 2.12,4
2025-12-16T13:20:07.000Z,Room 2.12,0
2025-12-16T13:40:07.000Z,Room 2.12,0
2025-12-16T14:00:07.000Z,Room 2.12,1
2025-12-16T14:20:08.000Z,Room 2.12,2
2025-12-16T14:40:08.000Z,Room 2.12,0
2025-12-16T15:00:07.000Z,Room 2.12,0
2025-12-16T15:20:07.000Z,Room 2.12,0
2025-12-16T15:40:07.000Z,Room 2.12,0
2025-12-16T16:00:07.000Z,Room 2.12,0
2025-12-16T16:20:07.000Z,Room 2.12,0
2025-12-16T16:40:08.000Z,Room 2.12,0
2025-12-16T17:00:08.000Z,Room 2.12,0
2025-12-16T17:20:07.000Z,Room 2.12,0
2025-12-16T17:40:08.000Z,Room 2.12,1
2025-12-16T18:00:08.000Z,Room 2.12,0
2025-12-16T18:20:07.000Z,Room 2.12,0
2025-12-16T18:40:07.000Z,Room 2.12,0
2025-12-17T08:00:07.000Z,Room 2.12,0
2025-12-17T08:20:08.000Z,Room 2.12,0
2025-12-17T08:40:04.000Z,Room 2.12,0
2025-12-17T09:20:10.000Z,Room 2.12,0
2025-12-17T09:40:08.000Z,Room 2.12,0
2025-12-17T10:00:07.000Z,Room 2.12,0
2025-12-17T10:20:07.000Z,Room 2.12,0
2025-12-17T10:40:07.000Z,Room 2.12,0
2025-12-17T11:00:07.000Z,Room 2.12,0
2025-12-17T11:20:07.000Z,Room 2.12,0
2025-12-17T11:40:08.000Z,Room 2.12,0
2025-12-17T12:00:05.000Z,Room 2.12,0
2025-12-17T12:40:10.000Z,Room 2.12,1
2025-12-17T13:00:07.000Z,Room 2.12,5
2025-12-17T13:20:07.000Z,Room 2.12,12
2025-12-17T13:40:07.000Z,Room 2.12,15
2025-12-17T14:00:07.000Z,Room 2.12,13
2025-12-17T14:20:07.000Z,Room 2.12,13
2025-12-17T14:40:07.000Z,Room 2.12,12
2025-12-17T15:00:07.000Z,Room 2.12,11
2025-12-17T15:20:07.000Z,Room 2.12,2
2025-12-17T15:40:07.000Z,Room 2.12,0
2025-12-17T16:00:07.000Z,Room 2.12,0
2025-12-17T16:20:07.000Z,Room 2.12,0
2025-12-17T16:40:08.000Z,Room 2.12,0
2025-12-17T17:00:07.000Z,Room 2.12,0
2025-12-17T17:20:07.000Z,Room 2.12,0
2025-12-17T17:40:07.000Z,Room 2.12,0
2025-12-17T18:00:07.000Z,Room 2.12,0
2025-12-17T18:20:07.000Z,Room 2.12,0
2025-12-17T18:40:07.000Z,Room 2.12,0
2025-12-18T08:00:07.000Z,Room 2.12,0
2025-12-18T08:20:07.000Z,Room 2.12,0
2025-12-18T08:40:07.000Z,Room 2.12,0
2025-12-18T09:00:07.000Z,Room 2.12,0
2025-12-18T09:20:08.000Z,Room 2.12,1
2025-12-18T09:40:07.000Z,Room 2.12,0
2025-12-18T10:00:07.000Z,Room 2.12,0
2025-12-18T10:20:07.000Z,Room 2.12,0
2025-12-18T10:40:07.000Z,Room 2.12,0
2025-12-18T11:00:08.000Z,Room 2.12,0
2025-12-18T11:20:07.000Z,Room 2.12,0
2025-12-18T11:40:07.000Z,Room 2.12,1
2025-12-18T12:00:07.000Z,Room 2.12,0
2025-12-18T12:20:07.000Z,Room 2.12,3
2025-12-18T12:40:07.000Z,Room 2.12,6
2025-12-18T13:00:07.000Z,Room 2.12,19
2025-12-18T13:20:07.000Z,Room 2.12,39
2025-12-18T13:40:08.000Z,Room 2.12,37
2025-12-18T14:00:07.000Z,Room 2.12,39
